SUM of total min watched,Show,,,,,,,,,,,,,,,
Subscriber ID,Lorax,Lost,Mad Men,Pony,Walking Dead,Weeds,,,,,,,,,,
1,8.1,54.9,34.2,2.1,122,11.1,,,,,,,,,,
2,3,75.15,8.1,2.1,142,3,,,,,Lorax,Lost,Mad Men,Pony,Walking Dead,Weeds
3,5.1,67.05,22.05,2.1,129.2,6.9,,,,Lorax,1,,,,,
4,6,54,12.15,6,118.8,5.1,,,,Lost,-0.001506798844,1,,,,
5,5.1,54,12.15,3.9,118.8,5.1,,,,Mad Men,-0.02271261787,-0.1290244766,1,,,
6,2.1,57.15,30.15,2.1,127.2,9.9,,,,Pony,0.5749939405,-0.01994220676,-0.02348894352,1,,
7,5.1,46.8,19.8,2.1,116,6.9,,,,Walking Dead,-0.01166134258,0.9533417558,-0.2383306549,-0.01760450635,1,
8,5.1,54.9,4.05,8.1,125.2,2.1,,,,Weeds,-0.01936374114,-0.1260577851,0.9048891997,-0.02798090699,-0.2141445467,1
9,3,36,0,3.9,110.8,5.1,,,,,,,,,,
10,2.1,49.05,36,3,110.8,14.1,,,,,,,,,,
11,3.9,58.05,9.9,2.1,124,6,,,,,,,,,,
12,3,34.2,9.9,5.1,108.8,6.9,,,,,,,,,,
13,6,58.95,1.8,3.9,128.8,2.1,,,,,,,,,,
14,6,57.15,9.9,9,128.8,3,,,,,,,,,,
15,3,77.85,16.2,5.1,136,6,,,,,,,,,,
16,6.9,34.2,5.85,6,106,6,,,,,,,,,,
17,3,59.85,0,3,126,3,,,,,,,,,,
18,3,79.2,18,3.9,144.8,9,,,,,,,,,,
19,0.9,55.8,0,0.9,124.8,3.9,,,,,,,,,,
20,3,40.05,40.05,3.9,103.2,15,,,,,,,,,,
21,3,72.9,4.05,3.9,138,3,,,,,,,,,,
22,3.9,52.2,0,3,120.8,0.9,,,,,,,,,,
23,2.1,49.05,0,3.9,118,2.1,,,,,,,,,,
24,3.9,40.95,19.8,3.9,108.8,6.9,,,,,,,,,,
25,0,57.15,19.8,0.9,125.2,6.9,,,,,,,,,,
26,3.9,52.2,1.8,6,119.2,2.1,,,,,,,,,,
27,3,67.95,0,3.9,135.2,0.9,,,,,,,,,,
28,3,44.1,12.15,3,112.8,5.1,,,,,,,,,,
29,3,63.9,0,3,128,0.9,,,,,,,,,,
30,3,48.15,1.8,6,115.2,3.9,,,,,,,,,,
31,3,53.1,5.85,2.1,126,3.9,,,,,,,,,,
32,3.9,48.15,0,6.9,121.2,0.9,,,,,,,,,,
33,2.1,35.1,23.85,3,109.2,9,,,,,,,,,,
34,5.1,40.95,1.8,6,115.2,3.9,,,,,,,,,,
35,3,36,30.15,5.1,106.8,11.1,,,,,,,,,,
36,2.1,49.05,4.05,2.1,116,5.1,,,,,,,,,,
37,5.1,73.8,26.1,5.1,136,9.9,,,,,,,,,,
38,5.1,66.15,13.95,3,135.2,6,,,,,,,,,,
39,3.9,49.05,23.85,3,115.2,8.1,,,,,,,,,,
40,2.1,57.15,0,3.9,129.2,0.9,,,,,,,,,,
41,5.1,34.2,23.85,2.1,101.2,9.9,,,,,,,,,,
42,3.9,49.05,23.85,6,120.8,11.1,,,,,,,,,,
43,6.9,61.2,34.2,5.1,128,12.9,,,,,,,,,,
44,6,50.85,0,9,115.2,0.9,,,,,,,,,,
45,3.9,35.1,5.85,3,112,3,,,,,,,,,,
46,3,45.9,5.85,3,117.2,3.9,,,,,,,,,,
47,3.9,30.15,31.95,5.1,100,15,,,,,,,,,,
48,3.9,34.2,22.05,3,106.8,6.9,,,,,,,,,,
49,0.9,31.05,5.85,3,106.8,5.1,,,,,,,,,,
50,3,54.9,26.1,3.9,126,12.9,,,,,,,,,,
51,0.9,81.9,0,0.9,144,3.9,,,,,,,,,,
52,3,40.05,0,3.9,114,0.9,,,,,,,,,,
53,8.1,49.95,1.8,6,118,5.1,,,,,,,,,,
54,3.9,40.95,18,3.9,112.8,9,,,,,,,,,,
55,2.1,54.9,13.95,3,120.8,6,,,,,,,,,,
56,5.1,39.15,23.85,6.9,110,9.9,,,,,,,,,,
57,3,43.2,26.1,3.9,115.2,9.9,,,,,,,,,,
58,3,36,12.15,3,105.2,6,,,,,,,,,,
59,3,37.8,22.05,0.9,105.2,9,,,,,,,,,,
60,2.1,59.85,16.2,2.1,127.2,6,,,,,,,,,,
61,3,72,13.95,3,136.8,6.9,,,,,,,,,,
62,6.9,54.9,0,8.1,123.2,2.1,,,,,,,,,,
63,3,36,16.2,3.9,108,6.9,,,,,,,,,,
64,3,59.85,18,6.9,122,6.9,,,,,,,,,,
65,6.9,54,0,6.9,119.2,0.9,,,,,,,,,,
66,3,44.1,23.85,3,116,12,,,,,,,,,,
67,2.1,66.15,0,3,130.8,3,,,,,,,,,,
68,3.9,40.05,19.8,5.1,114,9,,,,,,,,,,
69,2.1,50.85,8.1,3.9,123.2,6.9,,,,,,,,,,
70,3,48.15,0,3,120.8,2.1,,,,,,,,,,
71,5.1,52.2,40.05,5.1,116,15,,,,,,,,,,
72,2.1,55.8,23.85,3,124.8,9,,,,,,,,,,
73,5.1,55.8,8.1,3.9,121.2,3,,,,,,,,,,
74,3.9,36.9,22.05,2.1,108.8,6.9,,,,,,,,,,
75,3.9,62.1,0,2.1,130,0,,,,,,,,,,
76,3,59.85,0,3,128.8,0.9,,,,,,,,,,
77,3,44.1,26.1,2.1,107.2,12.9,,,,,,,,,,
78,5.1,52.2,8.1,3,114.8,3,,,,,,,,,,
79,8.1,50.85,12.15,9.9,120.8,5.1,,,,,,,,,,
80,3,58.95,0,3.9,125.2,3.9,,,,,,,,,,
81,3,55.8,18,2.1,121.2,5.1,,,,,,,,,,
82,3.9,44.1,4.05,3.9,114,0.9,,,,,,,,,,
83,3.9,53.1,8.1,3.9,122.8,2.1,,,,,,,,,,
84,2.1,63,13.95,3,126,5.1,,,,,,,,,,
85,3,71.1,4.05,3.9,138,2.1,,,,,,,,,,
86,2.1,54.9,13.95,3,124.8,6.9,,,,,,,,,,
87,0.9,58.05,4.05,0.9,120.8,0.9,,,,,,,,,,
88,9,52.2,27.9,5.1,116,11.1,,,,,,,,,,
89,5.1,45,22.05,6,111.2,9,,,,,,,,,,
90,3.9,82.8,0,5.1,147.2,0.9,,,,,,,,,,
91,3,44.1,1.8,3,113.2,2.1,,,,,,,,,,
92,3.9,44.1,34.2,3.9,114.8,12.9,,,,,,,,,,
93,5.1,57.15,5.85,9,129.2,3.9,,,,,,,,,,
94,3.9,40.95,1.8,6.9,112.8,5.1,,,,,,,,,,
95,3.9,64.8,22.05,2.1,128.8,9.9,,,,,,,,,,
96,2.1,40.05,18,5.1,108,6,,,,,,,,,,
97,3,72.9,0,2.1,132.8,5.1,,,,,,,,,,
98,0.9,49.05,4.05,3,123.2,5.1,,,,,,,,,,
99,5.1,40.95,12.15,8.1,115.2,3.9,,,,,,,,,,
100,3,49.05,30.15,3,122,12.9,,,,,,,,,,
101,6.9,58.95,5.85,3.9,126,3,,,,,,,,,,
102,3,50.85,18,3.9,117.2,6.9,,,,,,,,,,
103,3.9,49.95,16.2,5.1,114.8,8.1,,,,,,,,,,
104,6,31.05,27.9,6.9,100,9,,,,,,,,,,
105,5.1,49.95,0,5.1,121.2,5.1,,,,,,,,,,
106,3.9,63.9,19.8,6,131.2,9.9,,,,,,,,,,
107,2.1,31.95,23.85,0,102.8,9.9,,,,,,,,,,
108,3,61.2,0,6,127.2,3.9,,,,,,,,,,
109,5.1,53.1,4.05,2.1,122.8,3,,,,,,,,,,
110,6,40.05,12.15,3.9,111.2,6.9,,,,,,,,,,
111,5.1,55.8,9.9,3.9,126,3.9,,,,,,,,,,
112,3,54,31.95,3,118,15.9,,,,,,,,,,
113,0,46.8,9.9,0.9,115.2,6,,,,,,,,,,
114,2.1,54.9,5.85,3.9,122.8,2.1,,,,,,,,,,
115,6,58.95,18,5.1,129.2,6,,,,,,,,,,
116,5.1,46.8,16.2,6,120.8,6,,,,,,,,,,
117,3,41.85,18,5.1,113.2,6.9,,,,,,,,,,
118,5.1,36.9,16.2,3.9,101.2,6,,,,,,,,,,
119,0.9,58.95,13.95,0,128,6,,,,,,,,,,
120,3.9,77.85,0,3.9,144.8,2.1,,,,,,,,,,
121,0.9,63.9,0,2.1,132,3.9,,,,,,,,,,
122,3,63.9,23.85,3,128.8,9.9,,,,,,,,,,
123,6,40.95,4.05,5.1,117.2,3,,,,,,,,,,
124,3.9,67.05,12.15,2.1,132.8,5.1,,,,,,,,,,
125,6,36.9,4.05,6,112,3.9,,,,,,,,,,
126,3,52.2,4.05,2.1,117.2,3.9,,,,,,,,,,
127,2.1,54,18,3,118,6.9,,,,,,,,,,
128,3.9,49.95,5.85,3,120,3,,,,,,,,,,
129,6,50.85,0,8.1,120.8,2.1,,,,,,,,,,
130,3,49.05,22.05,3.9,116.8,8.1,,,,,,,,,,
131,0.9,54.9,13.95,3,120.8,3.9,,,,,,,,,,
132,2.1,57.15,22.05,3,123.2,9.9,,,,,,,,,,
133,3,32.85,41.85,3,102,12,,,,,,,,,,
134,5.1,55.8,18,5.1,122.8,5.1,,,,,,,,,,
135,6,63.9,8.1,8.1,129.2,3.9,,,,,,,,,,
136,3,77.85,19.8,0.9,141.2,6.9,,,,,,,,,,
137,6,54,18,5.1,122.8,6,,,,,,,,,,
138,3,59.85,18,2.1,122.8,6,,,,,,,,,,
139,3.9,40.05,27.9,3,112.8,11.1,,,,,,,,,,
140,3,40.95,5.85,3.9,110,5.1,,,,,,,,,,
141,2.1,34.2,18,3,106,6.9,,,,,,,,,,
142,2.1,66.15,8.1,0.9,127.2,3,,,,,,,,,,
143,6,61.2,23.85,9,126,9,,,,,,,,,,
144,2.1,53.1,18,5.1,118.8,9.9,,,,,,,,,,
145,6,72,13.95,9.9,138,6.9,,,,,,,,,,
146,6.9,32.85,27.9,9.9,104.8,11.1,,,,,,,,,,
147,5.1,30.15,27.9,3.9,98.8,9,,,,,,,,,,
148,3.9,40.95,5.85,2.1,109.2,3,,,,,,,,,,
149,3,36.9,22.05,3.9,107.2,8.1,,,,,,,,,,
150,3.9,35.1,9.9,3.9,108.8,6,,,,,,,,,,
151,3.9,57.15,16.2,5.1,124.8,5.1,,,,,,,,,,
152,3.9,37.8,16.2,3.9,105.2,6,,,,,,,,,,
153,5.1,57.15,4.05,6.9,122.8,3,,,,,,,,,,
154,3,50.85,23.85,3.9,118.8,8.1,,,,,,,,,,
155,3.9,64.8,41.85,3,121.2,12.9,,,,,,,,,,
156,0.9,63,27.9,3,126,9,,,,,,,,,,
157,6.9,52.2,26.1,3.9,118,9,,,,,,,,,,
158,5.1,46.8,8.1,6,118.8,5.1,,,,,,,,,,
159,3.9,63.9,27.9,3.9,127.2,11.1,,,,,,,,,,
160,3.9,67.95,0,6,134,0.9,,,,,,,,,,
161,5.1,63,0,6,125.2,3,,,,,,,,,,
162,6,52.2,12.15,6,119.2,6,,,,,,,,,,
163,5.1,57.15,31.95,3.9,118.8,11.1,,,,,,,,,,
164,3,48.15,12.15,0.9,116.8,6.9,,,,,,,,,,
165,6,50.85,19.8,6,120.8,6,,,,,,,,,,
166,2.1,49.95,22.05,3.9,117.2,9,,,,,,,,,,
167,6.9,79.2,0,9.9,140.8,0,,,,,,,,,,
168,9,50.85,0,6.9,119.2,2.1,,,,,,,,,,
169,3,45,13.95,5.1,116,6.9,,,,,,,,,,
170,3.9,35.1,23.85,3,106,8.1,,,,,,,,,,
171,5.1,18,0,9.9,97.2,2.1,,,,,,,,,,
172,2.1,48.15,1.8,0.9,114,5.1,,,,,,,,,,
173,5.1,48.15,26.1,3.9,112,9,,,,,,,,,,
174,2.1,55.8,9.9,2.1,120.8,5.1,,,,,,,,,,
175,3.9,52.2,31.95,3.9,117.2,12,,,,,,,,,,
176,0.9,49.05,12.15,3,119.2,5.1,,,,,,,,,,
177,3,61.2,45.9,3.9,122,15.9,,,,,,,,,,
178,0.9,34.2,12.15,0.9,106.8,6.9,,,,,,,,,,
179,2.1,59.85,1.8,2.1,123.2,3,,,,,,,,,,
180,5.1,54,9.9,6,118,3.9,,,,,,,,,,
181,2.1,45.9,5.85,0.9,115.2,5.1,,,,,,,,,,
182,2.1,57.15,0,3,121.2,3,,,,,,,,,,
183,2.1,53.1,8.1,2.1,126.8,3.9,,,,,,,,,,
184,3.9,54,5.85,5.1,124.8,5.1,,,,,,,,,,
185,5.1,58.05,4.05,3.9,123.2,3.9,,,,,,,,,,
186,3,41.85,27.9,5.1,110,11.1,,,,,,,,,,
187,3.9,52.2,9.9,3.9,122,9,,,,,,,,,,
188,2.1,37.8,26.1,3.9,110.8,8.1,,,,,,,,,,
189,3,40.05,0,5.1,116,0.9,,,,,,,,,,
190,5.1,44.1,8.1,5.1,115.2,5.1,,,,,,,,,,
191,3,49.95,0,3,126,2.1,,,,,,,,,,
192,3.9,46.8,0,3.9,116,0.9,,,,,,,,,,
193,0.9,45,27.9,0,116,9,,,,,,,,,,
194,2.1,49.05,13.95,5.1,120,8.1,,,,,,,,,,
195,3.9,49.05,30.15,3,112,12.9,,,,,,,,,,
196,3,53.1,31.95,3,119.2,12,,,,,,,,,,
197,3.9,54.9,5.85,3,120.8,6,,,,,,,,,,
198,3.9,44.1,26.1,2.1,111.2,11.1,,,,,,,,,,
199,2.1,50.85,12.15,0.9,116,3.9,,,,,,,,,,
200,5.1,48.15,0,8.1,118.8,3,,,,,,,,,,
201,5.1,52.2,9.9,6.9,126,6,,,,,,,,,,
202,3,31.05,13.95,6.9,106,6,,,,,,,,,,
203,6,54.9,8.1,6,126,5.1,,,,,,,,,,
204,0.9,53.1,22.05,3,117.2,9,,,,,,,,,,
205,2.1,67.95,4.05,3.9,134,3,,,,,,,,,,
206,3.9,61.2,1.8,6.9,122,0,,,,,,,,,,
207,3,35.1,34.2,6,106.8,12,,,,,,,,,,
208,5.1,30.15,12.15,5.1,107.2,8.1,,,,,,,,,,
209,3,36,8.1,0,108.8,5.1,,,,,,,,,,
210,3,41.85,18,6,108,9,,,,,,,,,,
211,8.1,70.2,18,8.1,134.8,11.1,,,,,,,,,,
212,3.9,64.8,31.95,6.9,131.2,12,,,,,,,,,,
213,6,58.05,12.15,5.1,125.2,6.9,,,,,,,,,,
214,2.1,81.9,8.1,3.9,148.8,3,,,,,,,,,,
215,3,63.9,0,2.1,126.8,0,,,,,,,,,,
216,3.9,40.95,9.9,5.1,113.2,5.1,,,,,,,,,,
217,6,37.8,22.05,6.9,112.8,6.9,,,,,,,,,,
218,3.9,40.95,12.15,3,118,6.9,,,,,,,,,,
219,5.1,45.9,19.8,3.9,116.8,8.1,,,,,,,,,,
220,5.1,0.9,22.05,3.9,78,9,,,,,,,,,,
221,3.9,50.85,34.2,6,115.2,12.9,,,,,,,,,,
222,2.1,72,8.1,2.1,142,5.1,,,,,,,,,,
223,3.9,73.8,23.85,6,132.8,9,,,,,,,,,,
224,2.1,67.95,9.9,2.1,132.8,5.1,,,,,,,,,,
225,6,71.1,0,6,134.8,0,,,,,,,,,,
226,3,52.2,9.9,6,114.8,9,,,,,,,,,,
227,3.9,54.9,19.8,3,121.2,6.9,,,,,,,,,,
228,2.1,46.8,18,5.1,116,6,,,,,,,,,,
229,3.9,53.1,13.95,2.1,122.8,3.9,,,,,,,,,,
230,3.9,57.15,8.1,3.9,122.8,2.1,,,,,,,,,,
231,3.9,36,52.2,3.9,101.2,17.1,,,,,,,,,,
232,2.1,61.2,9.9,3.9,126.8,6.9,,,,,,,,,,
233,3.9,41.85,4.05,3,111.2,5.1,,,,,,,,,,
234,3,45,23.85,3,113.2,9,,,,,,,,,,
235,5.1,54.9,1.8,3,128,3,,,,,,,,,,
236,2.1,58.95,16.2,2.1,125.2,6.9,,,,,,,,,,
237,6,67.95,18,9.9,133.2,6.9,,,,,,,,,,
238,3.9,35.1,1.8,3.9,107.2,2.1,,,,,,,,,,
239,9,62.1,5.85,3.9,132.8,3.9,,,,,,,,,,
240,2.1,61.2,19.8,5.1,130,6.9,,,,,,,,,,
241,0,70.2,0,0.9,134,2.1,,,,,,,,,,
242,6,67.05,4.05,6,127.2,3,,,,,,,,,,
243,2.1,73.8,18,2.1,133.2,6,,,,,,,,,,
244,6.9,34.2,22.05,3.9,103.2,6.9,,,,,,,,,,
245,3,64.8,13.95,0.9,132.8,6,,,,,,,,,,
246,2.1,67.05,0,0.9,138,2.1,,,,,,,,,,
247,5.1,55.8,13.95,8.1,122,5.1,,,,,,,,,,
248,3.9,48.15,0,6.9,116.8,0.9,,,,,,,,,,
249,3,46.8,13.95,0.9,119.2,6,,,,,,,,,,
250,3.9,31.05,16.2,3.9,102.8,5.1,,,,,,,,,,
251,3.9,32.85,18,5.1,105.2,9,,,,,,,,,,
252,3,23.85,19.8,6,96.8,9,,,,,,,,,,
253,2.1,62.1,0,3,128.8,5.1,,,,,,,,,,
254,3,66.15,27.9,5.1,126,9.9,,,,,,,,,,
255,5.1,73.8,1.8,3.9,140.8,2.1,,,,,,,,,,
256,0.9,64.8,18,3,127.2,5.1,,,,,,,,,,
257,6,41.85,34.2,6.9,112,12,,,,,,,,,,
258,3.9,59.85,22.05,6,128,6.9,,,,,,,,,,
259,5.1,59.85,0,5.1,128.8,2.1,,,,,,,,,,
260,3,59.85,36,5.1,126.8,14.1,,,,,,,,,,
261,3.9,44.1,30.15,5.1,115.2,9.9,,,,,,,,,,
262,6,36.9,16.2,5.1,106.8,6,,,,,,,,,,
263,3.9,30.15,36,5.1,98,11.1,,,,,,,,,,
264,3.9,79.2,16.2,3,143.2,6,,,,,,,,,,
265,0.9,50.85,5.85,0.9,120,3.9,,,,,,,,,,
266,3.9,54.9,0,8.1,127.2,2.1,,,,,,,,,,
267,6,55.8,4.05,5.1,125.2,2.1,,,,,,,,,,
268,6.9,49.05,0,3,120.8,2.1,,,,,,,,,,
269,5.1,49.95,13.95,3,116.8,6.9,,,,,,,,,,
270,2.1,61.2,4.05,3,134.8,3.9,,,,,,,,,,
271,9.9,63,5.85,5.1,129.2,3.9,,,,,,,,,,
272,2.1,84.15,0,3,146.8,3.9,,,,,,,,,,
273,2.1,55.8,9.9,3,121.2,3,,,,,,,,,,
274,2.1,59.85,0,0.9,128,3,,,,,,,,,,
275,2.1,61.2,27.9,2.1,120,9,,,,,,,,,,
276,3,67.95,4.05,5.1,134,0.9,,,,,,,,,,
277,3,58.05,9.9,2.1,122,5.1,,,,,,,,,,
278,3.9,53.1,13.95,2.1,118.8,5.1,,,,,,,,,,
279,3.9,57.15,16.2,6.9,122,5.1,,,,,,,,,,
280,5.1,59.85,0,6,134,3,,,,,,,,,,
281,0.9,43.2,1.8,3,110.8,2.1,,,,,,,,,,
282,3.9,59.85,0,6,126,2.1,,,,,,,,,,
283,2.1,72,19.8,5.1,133.2,6.9,,,,,,,,,,
284,6.9,49.05,49.95,6,116,17.1,,,,,,,,,,
285,3,31.95,30.15,2.1,104.8,11.1,,,,,,,,,,
286,0.9,63,18,3,129.2,5.1,,,,,,,,,,
287,5.1,31.95,30.15,2.1,105.2,11.1,,,,,,,,,,
288,3.9,48.15,0,5.1,118,2.1,,,,,,,,,,
289,6.9,76.95,16.2,6,135.2,8.1,,,,,,,,,,
290,6,53.1,22.05,3.9,117.2,12.9,,,,,,,,,,
291,2.1,44.1,5.85,2.1,117.2,5.1,,,,,,,,,,
292,5.1,57.15,1.8,3,124,2.1,,,,,,,,,,
293,3.9,58.95,16.2,6,124.8,6.9,,,,,,,,,,
294,0.9,48.15,26.1,3,118.8,11.1,,,,,,,,,,
295,0.9,48.15,13.95,2.1,118.8,3.9,,,,,,,,,,
296,3.9,48.15,22.05,3,117.2,11.1,,,,,,,,,,
297,5.1,55.8,12.15,3.9,122.8,3.9,,,,,,,,,,
298,3.9,72.9,13.95,3,132,6,,,,,,,,,,
299,3.9,53.1,12.15,3.9,117.2,5.1,,,,,,,,,,
300,5.1,52.2,0,6,122.8,3,,,,,,,,,,
301,5.1,73.8,12.15,8.1,130.8,6.9,,,,,,,,,,
302,3,58.05,9.9,3,126,3.9,,,,,,,,,,
303,6.9,45.9,5.85,6.9,110.8,6.9,,,,,,,,,,
304,5.1,72,16.2,3,139.2,6.9,,,,,,,,,,
305,3.9,40.95,0,6.9,117.2,3,,,,,,,,,,
306,3.9,54.9,12.15,5.1,126,8.1,,,,,,,,,,
307,3,48.15,8.1,3,120,2.1,,,,,,,,,,
308,3,64.8,13.95,3,132,3.9,,,,,,,,,,
309,2.1,73.8,19.8,0.9,136.8,9,,,,,,,,,,
310,8.1,64.8,16.2,6,128.8,8.1,,,,,,,,,,
311,5.1,40.95,0,3.9,110.8,0.9,,,,,,,,,,
312,5.1,58.05,13.95,6,120.8,5.1,,,,,,,,,,
313,3.9,52.2,16.2,5.1,116,6.9,,,,,,,,,,
314,2.1,44.1,0,3,109.2,3.9,,,,,,,,,,
315,5.1,49.95,4.05,8.1,120,0.9,,,,,,,,,,
316,6,58.05,5.85,6,125.2,3,,,,,,,,,,
317,3,59.85,27.9,6,120,8.1,,,,,,,,,,
318,2.1,58.05,0,2.1,128,3,,,,,,,,,,
319,5.1,57.15,0,5.1,126,3.9,,,,,,,,,,
320,5.1,43.2,4.05,6.9,112.8,0.9,,,,,,,,,,
321,0.9,63.9,8.1,3,128.8,3,,,,,,,,,,
322,3,54,0,2.1,124,0,,,,,,,,,,
323,3,61.2,12.15,6,124,6,,,,,,,,,,
324,5.1,41.85,4.05,3.9,111.2,2.1,,,,,,,,,,
325,5.1,49.05,0,3.9,117.2,3,,,,,,,,,,
326,3,54,12.15,5.1,124,6,,,,,,,,,,
327,3,10.8,37.8,5.1,86,14.1,,,,,,,,,,
328,6,41.85,19.8,5.1,112.8,6.9,,,,,,,,,,
329,5.1,71.1,5.85,2.1,135.2,6,,,,,,,,,,
330,3.9,52.2,12.15,3.9,120.8,6,,,,,,,,,,
331,2.1,46.8,5.85,3,120.8,6,,,,,,,,,,
332,3.9,52.2,12.15,3.9,124.8,6,,,,,,,,,,
333,5.1,64.8,13.95,3.9,129.2,6.9,,,,,,,,,,
334,6.9,59.85,13.95,8.1,128,8.1,,,,,,,,,,
335,5.1,45.9,0,8.1,117.2,2.1,,,,,,,,,,
336,6,40.05,23.85,9.9,111.2,9.9,,,,,,,,,,
337,3.9,49.05,13.95,3,122,6,,,,,,,,,,
338,6.9,52.2,23.85,3.9,120,6.9,,,,,,,,,,
339,2.1,77.85,9.9,3.9,144,6.9,,,,,,,,,,
340,8.1,54.9,0,6,120,0.9,,,,,,,,,,
341,3,27.9,4.05,0.9,106,6,,,,,,,,,,
342,0.9,57.15,0,0,125.2,3.9,,,,,,,,,,
343,3,49.95,18,3.9,120.8,9,,,,,,,,,,
344,5.1,66.15,18,8.1,132,9.9,,,,,,,,,,
345,3,40.05,16.2,5.1,106.8,6.9,,,,,,,,,,
346,3,58.05,19.8,5.1,122,8.1,,,,,,,,,,
347,6,61.2,0,3.9,128,3,,,,,,,,,,
348,0.9,61.2,12.15,3,132.8,8.1,,,,,,,,,,
349,3,53.1,13.95,3,119.2,6.9,,,,,,,,,,
350,3.9,44.1,12.15,2.1,117.2,5.1,,,,,,,,,,
351,5.1,46.8,22.05,3,114.8,8.1,,,,,,,,,,
352,3,58.95,18,3,120.8,6.9,,,,,,,,,,
353,0.9,44.1,9.9,3,114,6,,,,,,,,,,
354,3.9,62.1,12.15,6,126.8,6,,,,,,,,,,
355,3.9,66.15,34.2,3.9,125.2,11.1,,,,,,,,,,
356,3,36,30.15,2.1,104.8,11.1,,,,,,,,,,
357,5.1,63.9,4.05,6,128.8,0.9,,,,,,,,,,
358,3.9,58.05,9.9,5.1,128,3,,,,,,,,,,
359,6,59.85,4.05,6.9,127.2,2.1,,,,,,,,,,
360,9,52.2,12.15,6,122.8,6,,,,,,,,,,
361,6,59.85,0,6,129.2,0.9,,,,,,,,,,
362,0,36.9,5.85,0.9,110.8,5.1,,,,,,,,,,
363,3.9,45.9,18,2.1,118,9,,,,,,,,,,
364,5.1,52.2,22.05,6.9,121.2,6.9,,,,,,,,,,
365,3,57.15,13.95,2.1,120.8,5.1,,,,,,,,,,
366,3,46.8,9.9,2.1,117.2,3.9,,,,,,,,,,
367,2.1,49.95,13.95,3,119.2,3.9,,,,,,,,,,
368,6.9,55.8,18,6,121.2,8.1,,,,,,,,,,
369,3.9,49.95,0,3.9,122.8,3,,,,,,,,,,
370,5.1,41.85,1.8,2.1,110,2.1,,,,,,,,,,
371,6,76.95,0,5.1,140,0,,,,,,,,,,
372,3.9,46.8,13.95,3,120.8,8.1,,,,,,,,,,
373,3.9,77.85,12.15,6,138.8,3.9,,,,,,,,,,
374,5.1,59.85,30.15,3.9,122,12,,,,,,,,,,
375,3.9,53.1,0,3.9,120,3,,,,,,,,,,
376,2.1,40.95,19.8,5.1,112.8,6.9,,,,,,,,,,
377,2.1,63.9,0,2.1,128,3,,,,,,,,,,
378,3.9,61.2,30.15,6,124.8,12,,,,,,,,,,
379,3,49.05,0,5.1,116,2.1,,,,,,,,,,
380,5.1,27,31.95,6.9,97.2,12,,,,,,,,,,
381,5.1,59.85,0,6.9,131.2,2.1,,,,,,,,,,
382,3,40.05,18,5.1,110.8,6.9,,,,,,,,,,
383,2.1,45,22.05,3,114.8,6.9,,,,,,,,,,
384,0.9,62.1,12.15,2.1,130,6,,,,,,,,,,
385,2.1,48.15,0,3,120,0.9,,,,,,,,,,
386,2.1,49.95,12.15,5.1,118,6,,,,,,,,,,
387,2.1,66.15,13.95,0.9,134,6,,,,,,,,,,
388,5.1,41.85,27.9,8.1,110.8,9.9,,,,,,,,,,
389,3,45.9,26.1,6.9,116.8,12,,,,,,,,,,
390,3,49.05,4.05,3,117.2,2.1,,,,,,,,,,
391,2.1,35.1,5.85,3.9,106.8,2.1,,,,,,,,,,
392,0.9,28.8,22.05,0.9,98.8,9,,,,,,,,,,
393,3,45.9,0,3.9,116.8,0,,,,,,,,,,
394,3.9,58.95,16.2,6.9,128,11.1,,,,,,,,,,
395,3.9,55.8,0,2.1,118.8,0.9,,,,,,,,,,
396,5.1,59.85,0,3,130.8,0,,,,,,,,,,
397,3.9,46.8,18,5.1,114,6,,,,,,,,,,
398,0.9,54,16.2,3,122,8.1,,,,,,,,,,
399,3.9,67.05,1.8,3,134.8,3.9,,,,,,,,,,
400,3.9,57.15,8.1,3.9,125.2,3,,,,,,,,,,
401,6.9,52.2,13.95,9.9,116.8,5.1,,,,,,,,,,
402,3,67.05,26.1,6,126.8,11.1,,,,,,,,,,
403,6.9,55.8,18,8.1,128.8,9.9,,,,,,,,,,
404,6,36,1.8,2.1,108,2.1,,,,,,,,,,
405,3,45,0,3,114.8,3,,,,,,,,,,
406,2.1,58.95,1.8,3,126.8,3.9,,,,,,,,,,
407,5.1,21.15,4.05,8.1,97.2,2.1,,,,,,,,,,
408,0.9,36,13.95,3,110.8,6.9,,,,,,,,,,
409,3,49.05,5.85,5.1,118,3,,,,,,,,,,
410,3.9,66.15,23.85,0.9,130.8,8.1,,,,,,,,,,
411,3,58.05,0,3.9,129.2,0.9,,,,,,,,,,
412,2.1,63,0,0.9,132,0.9,,,,,,,,,,
413,2.1,67.95,0,3,136.8,0.9,,,,,,,,,,
414,5.1,36,4.05,8.1,104,2.1,,,,,,,,,,
415,2.1,67.05,1.8,0.9,131.2,2.1,,,,,,,,,,
416,3,44.1,30.15,5.1,107.2,11.1,,,,,,,,,,
417,6,50.85,4.05,2.1,124.8,3,,,,,,,,,,
418,2.1,46.8,1.8,2.1,120,2.1,,,,,,,,,,
419,3.9,36.9,36,6.9,108.8,14.1,,,,,,,,,,
420,6,25.2,31.95,6,94.8,12,,,,,,,,,,
421,5.1,31.05,16.2,6.9,107.2,6,,,,,,,,,,
422,5.1,49.05,5.85,3.9,121.2,3.9,,,,,,,,,,
423,3.9,63,19.8,6.9,128.8,8.1,,,,,,,,,,
424,3,37.8,0,5.1,110.8,3,,,,,,,,,,
425,3.9,48.15,26.1,5.1,117.2,9.9,,,,,,,,,,
426,0.9,71.1,0,0.9,135.2,3,,,,,,,,,,
427,5.1,64.8,5.85,3,135.2,5.1,,,,,,,,,,
428,5.1,45,5.85,6,113.2,3.9,,,,,,,,,,
429,6.9,49.95,5.85,6,116.8,3,,,,,,,,,,
430,6,80.1,12.15,3.9,142.8,6,,,,,,,,,,
431,3.9,58.05,19.8,6.9,128,9.9,,,,,,,,,,
432,2.1,49.95,0,3.9,124,0.9,,,,,,,,,,
433,3,50.85,22.05,3.9,120,8.1,,,,,,,,,,
434,5.1,62.1,9.9,3,125.2,5.1,,,,,,,,,,
435,0.9,54.9,8.1,2.1,120.8,2.1,,,,,,,,,,
436,6,53.1,9.9,3,118,6.9,,,,,,,,,,
437,3.9,39.15,37.8,3.9,105.2,14.1,,,,,,,,,,
438,2.1,48.15,13.95,3,114.8,6,,,,,,,,,,
439,3,49.05,45.9,3.9,113.2,17.1,,,,,,,,,,
440,3.9,63,19.8,3.9,129.2,8.1,,,,,,,,,,
441,2.1,44.1,13.95,3,118,6.9,,,,,,,,,,
442,3,43.2,22.05,2.1,110,8.1,,,,,,,,,,
443,6,49.95,22.05,3,118.8,6.9,,,,,,,,,,
444,3.9,52.2,4.05,3.9,114,2.1,,,,,,,,,,
445,3,36,5.85,3.9,109.2,3.9,,,,,,,,,,
446,2.1,68.85,16.2,3,135.2,5.1,,,,,,,,,,
447,3,55.8,9.9,3,124.8,9,,,,,,,,,,
448,0.9,63.9,1.8,3,129.2,2.1,,,,,,,,,,
449,6.9,52.2,9.9,3,112,3,,,,,,,,,,
450,6.9,52.2,9.9,3.9,126,5.1,,,,,,,,,,
451,2.1,63,22.05,3,130,9,,,,,,,,,,
452,3,94.05,5.85,6,153.2,3,,,,,,,,,,
453,3.9,64.8,8.1,2.1,133.2,3,,,,,,,,,,
454,6.9,49.05,30.15,6,120,11.1,,,,,,,,,,
455,5.1,80.1,18,2.1,147.2,6.9,,,,,,,,,,
456,3.9,43.2,5.85,2.1,111.2,5.1,,,,,,,,,,
457,5.1,49.95,16.2,3.9,114.8,6.9,,,,,,,,,,
458,5.1,36,0,5.1,113.2,5.1,,,,,,,,,,
459,0,39.15,22.05,0.9,108.8,9,,,,,,,,,,
460,3.9,40.95,26.1,5.1,110,9,,,,,,,,,,
461,5.1,61.2,5.85,3,128.8,6,,,,,,,,,,
462,6,45,8.1,8.1,113.2,3,,,,,,,,,,
463,0.9,48.15,22.05,2.1,114.8,6.9,,,,,,,,,,
464,3,31.95,5.85,6,104.8,5.1,,,,,,,,,,
465,9.9,49.95,18,5.1,117.2,6,,,,,,,,,,
466,0,43.2,31.95,0,114.8,11.1,,,,,,,,,,
467,3,54,22.05,3,116,9,,,,,,,,,,
468,2.1,64.8,9.9,2.1,127.2,5.1,,,,,,,,,,
469,3.9,58.95,1.8,5.1,130,3.9,,,,,,,,,,
470,3,71.1,16.2,5.1,128,6,,,,,,,,,,
471,5.1,81.9,0,3.9,144,3.9,,,,,,,,,,
472,0.9,45.9,9.9,0.9,114.8,6.9,,,,,,,,,,
473,3.9,68.85,0,6,130.8,2.1,,,,,,,,,,
474,3.9,32.85,27.9,5.1,103.2,9,,,,,,,,,,
475,2.1,31.05,27.9,3,100.8,9,,,,,,,,,,
476,3.9,70.2,8.1,5.1,136.8,3,,,,,,,,,,
477,2.1,45,9.9,3,117.2,3.9,,,,,,,,,,
478,0.9,57.15,5.85,2.1,126.8,6.9,,,,,,,,,,
479,5.1,68.85,30.15,3.9,130.8,9,,,,,,,,,,
480,0.9,58.05,30.15,0.9,122,12.9,,,,,,,,,,
481,2.1,45,9.9,0,114,5.1,,,,,,,,,,
482,0.9,52.2,23.85,3,122,8.1,,,,,,,,,,
483,3.9,62.1,4.05,2.1,131.2,3,,,,,,,,,,
484,5.1,43.2,23.85,2.1,115.2,9,,,,,,,,,,
485,3,30.15,0,3,106.8,5.1,,,,,,,,,,
486,3,31.95,0,5.1,104.8,2.1,,,,,,,,,,
487,5.1,53.1,5.85,3.9,126.8,3,,,,,,,,,,
488,3,43.2,26.1,3,112.8,9,,,,,,,,,,
489,0.9,61.2,8.1,0.9,124,3.9,,,,,,,,,,
490,2.1,49.95,9.9,3,118.8,6.9,,,,,,,,,,
491,6,53.1,23.85,2.1,118.8,8.1,,,,,,,,,,
492,3.9,62.1,0,3.9,124.8,3.9,,,,,,,,,,
493,5.1,35.1,1.8,8.1,108.8,0,,,,,,,,,,
494,3.9,55.8,36,2.1,120,14.1,,,,,,,,,,
495,3.9,50.85,13.95,3.9,119.2,6,,,,,,,,,,
496,5.1,40.05,13.95,6,112,6.9,,,,,,,,,,
497,3.9,57.15,12.15,5.1,125.2,6.9,,,,,,,,,,
498,3.9,25.2,0,3,101.2,0.9,,,,,,,,,,
499,3.9,49.95,26.1,3.9,115.2,8.1,,,,,,,,,,
500,6,67.05,1.8,5.1,136.8,3,,,,,,,,,,
501,3.9,48.15,4.05,6,117.2,0.9,,,,,,,,,,
502,5.1,54,0,5.1,120,0.9,,,,,,,,,,
503,6.9,49.05,34.2,5.1,115.2,9.9,,,,,,,,,,
504,5.1,57.15,23.85,3,118.8,8.1,,,,,,,,,,
505,5.1,54.9,27.9,6,123.2,9.9,,,,,,,,,,
506,2.1,28.8,30.15,2.1,100.8,11.1,,,,,,,,,,
507,2.1,62.1,22.05,3,125.2,8.1,,,,,,,,,,
508,2.1,48.15,23.85,3.9,114,8.1,,,,,,,,,,
509,3,44.1,1.8,5.1,118,2.1,,,,,,,,,,
510,3.9,70.2,23.85,6,130.8,8.1,,,,,,,,,,
511,2.1,53.1,18,3,118.8,8.1,,,,,,,,,,
512,5.1,40.05,4.05,6.9,108.8,3,,,,,,,,,,
513,3,75.15,0,3,132.8,0,,,,,,,,,,
514,2.1,41.85,0,3,116.8,3.9,,,,,,,,,,
515,3.9,67.05,16.2,3.9,129.2,6.9,,,,,,,,,,
516,6,40.05,12.15,3,109.2,3.9,,,,,,,,,,
517,3.9,31.95,0,3,106.8,2.1,,,,,,,,,,
518,3.9,45.9,0,5.1,119.2,0.9,,,,,,,,,,
519,3,43.2,1.8,3,112.8,2.1,,,,,,,,,,
520,5.1,48.15,26.1,3.9,112,8.1,,,,,,,,,,
521,5.1,45.9,31.95,5.1,109.2,9.9,,,,,,,,,,
522,3.9,63.9,19.8,3,134.8,8.1,,,,,,,,,,
523,3.9,31.05,9.9,3.9,99.2,6.9,,,,,,,,,,
524,3.9,52.2,5.85,3.9,122.8,3,,,,,,,,,,
525,3,58.95,16.2,2.1,128,9,,,,,,,,,,
526,5.1,53.1,12.15,5.1,124,5.1,,,,,,,,,,
527,3.9,46.8,16.2,6.9,114,6,,,,,,,,,,
528,3.9,63,0,6,129.2,0.9,,,,,,,,,,
529,5.1,43.2,1.8,3.9,117.2,3,,,,,,,,,,
530,5.1,64.8,0,6,132.8,2.1,,,,,,,,,,
531,3.9,90,8.1,2.1,149.2,3,,,,,,,,,,
532,8.1,27,5.85,6.9,96,2.1,,,,,,,,,,
533,0.9,58.05,1.8,0.9,121.2,2.1,,,,,,,,,,
534,3.9,81.9,26.1,6,139.2,11.1,,,,,,,,,,
535,3,36.9,22.05,0.9,108,9,,,,,,,,,,
536,3,63,4.05,5.1,129.2,0.9,,,,,,,,,,
537,3.9,43.2,30.15,3,115.2,9.9,,,,,,,,,,
538,3,57.15,18,0.9,120,8.1,,,,,,,,,,
539,3.9,49.95,8.1,8.1,120,2.1,,,,,,,,,,
540,3,44.1,0,3,110.8,2.1,,,,,,,,,,
541,5.1,40.05,18,3.9,112,6.9,,,,,,,,,,
542,3.9,58.05,0,6,127.2,2.1,,,,,,,,,,
543,3.9,41.85,18,3.9,108,6.9,,,,,,,,,,
544,0.9,55.8,1.8,3,128,3,,,,,,,,,,
545,3.9,66.15,34.2,2.1,131.2,11.1,,,,,,,,,,
546,5.1,54,8.1,3.9,126,3,,,,,,,,,,
547,0.9,64.8,16.2,3,134,8.1,,,,,,,,,,
548,0,67.95,0,0.9,131.2,0.9,,,,,,,,,,
549,3.9,54,13.95,6,120,5.1,,,,,,,,,,
550,6,75.15,13.95,2.1,138.8,5.1,,,,,,,,,,
551,2.1,63.9,18,0.9,132,6.9,,,,,,,,,,
552,6.9,36,8.1,3.9,108.8,2.1,,,,,,,,,,
553,6.9,50.85,12.15,5.1,118,6.9,,,,,,,,,,
554,5.1,44.1,31.95,6,108,12,,,,,,,,,,
555,3,43.2,9.9,5.1,114,5.1,,,,,,,,,,
556,3,58.05,19.8,3,128,11.1,,,,,,,,,,
557,3,28.8,5.85,2.1,100.8,3,,,,,,,,,,
558,6,70.2,0,3.9,134,3.9,,,,,,,,,,
559,6,63,13.95,5.1,129.2,9,,,,,,,,,,
560,3,49.95,37.8,6.9,115.2,14.1,,,,,,,,,,
561,6.9,75.15,0,9.9,136.8,3.9,,,,,,,,,,
562,3,44.1,19.8,5.1,115.2,9,,,,,,,,,,
563,3,31.05,8.1,0.9,103.2,6,,,,,,,,,,
564,5.1,58.05,9.9,3.9,124,5.1,,,,,,,,,,
565,3,40.95,30.15,3.9,110.8,11.1,,,,,,,,,,
566,2.1,48.15,16.2,3.9,119.2,6.9,,,,,,,,,,
567,0.9,50.85,23.85,0.9,117.2,8.1,,,,,,,,,,
568,3.9,43.2,26.1,6,108.8,12,,,,,,,,,,
569,3.9,58.05,31.95,6,128.8,9.9,,,,,,,,,,
570,5.1,45.9,12.15,5.1,117.2,5.1,,,,,,,,,,
571,6,52.2,26.1,6,117.2,11.1,,,,,,,,,,
572,3.9,39.15,13.95,5.1,108,5.1,,,,,,,,,,
573,0.9,54.9,16.2,3,122.8,9,,,,,,,,,,
574,6,59.85,9.9,6,121.2,3.9,,,,,,,,,,
575,2.1,50.85,18,5.1,116,9,,,,,,,,,,
576,6,63,26.1,5.1,123.2,9.9,,,,,,,,,,
577,3,81,0,6.9,148,0,,,,,,,,,,
578,6,44.1,31.95,9,110.8,11.1,,,,,,,,,,
579,0.9,31.95,0,3,107.2,5.1,,,,,,,,,,
580,3,81,9.9,3,147.2,3.9,,,,,,,,,,
581,5.1,37.8,19.8,6,110.8,9.9,,,,,,,,,,
582,3.9,55.8,9.9,3.9,123.2,6,,,,,,,,,,
583,5.1,49.95,4.05,6,119.2,3,,,,,,,,,,
584,3,54,18,5.1,119.2,5.1,,,,,,,,,,
585,3.9,55.8,30.15,6,113.2,9.9,,,,,,,,,,
586,3,54.9,12.15,6,122.8,5.1,,,,,,,,,,
587,2.1,53.1,18,2.1,120,8.1,,,,,,,,,,
588,6,52.2,22.05,6,122,9,,,,,,,,,,
589,2.1,58.95,16.2,3.9,128,6,,,,,,,,,,
590,0.9,48.15,4.05,0.9,121.2,0.9,,,,,,,,,,
591,2.1,31.95,16.2,2.1,102.8,6,,,,,,,,,,
592,3,67.95,18,6.9,134.8,6,,,,,,,,,,
593,3.9,62.1,0,3.9,122.8,3,,,,,,,,,,
594,2.1,58.95,13.95,3,122,6.9,,,,,,,,,,
595,3,49.95,22.05,3.9,122,9,,,,,,,,,,
596,2.1,49.95,8.1,3,118.8,3.9,,,,,,,,,,
597,5.1,49.95,18,5.1,118,12,,,,,,,,,,
598,3,49.05,5.85,3,122,5.1,,,,,,,,,,
599,0.9,67.95,0,2.1,134,2.1,,,,,,,,,,
600,3,48.15,0,6.9,119.2,0.9,,,,,,,,,,
601,6,63.9,0,5.1,126,0,,,,,,,,,,
602,0.9,44.1,16.2,0.9,116,8.1,,,,,,,,,,
603,5.1,58.95,48.15,3.9,115.2,15,,,,,,,,,,
604,5.1,44.1,41.85,6.9,106.8,14.1,,,,,,,,,,
605,3.9,54,0,6,122.8,2.1,,,,,,,,,,
606,3.9,63.9,9.9,3.9,135.2,6,,,,,,,,,,
607,9.9,81.9,13.95,8.1,140,3.9,,,,,,,,,,
608,2.1,48.15,4.05,3.9,116,5.1,,,,,,,,,,
609,2.1,44.1,27.9,3.9,114,8.1,,,,,,,,,,
610,3,34.2,16.2,3.9,109.2,6,,,,,,,,,,
611,2.1,54,9.9,2.1,124.8,6,,,,,,,,,,
612,3,59.85,0,6,133.2,0,,,,,,,,,,
613,3,52.2,4.05,6,124,3,,,,,,,,,,
614,0.9,26.1,16.2,0.9,101.2,5.1,,,,,,,,,,
615,6.9,46.8,0,6,118.8,3,,,,,,,,,,
616,3,40.05,27.9,3.9,114.8,9.9,,,,,,,,,,
617,5.1,44.1,22.05,3.9,113.2,9,,,,,,,,,,
618,2.1,49.95,8.1,0.9,120,5.1,,,,,,,,,,
619,3,43.2,26.1,3,112,11.1,,,,,,,,,,
620,5.1,31.95,22.05,3,104,9.9,,,,,,,,,,
621,3.9,44.1,8.1,6.9,116,6,,,,,,,,,,
622,3.9,48.15,18,5.1,119.2,6,,,,,,,,,,
623,3.9,54.9,12.15,9,124.8,6,,,,,,,,,,
624,8.1,37.8,0,3.9,108,0.9,,,,,,,,,,
625,3,43.2,30.15,5.1,108.8,9,,,,,,,,,,
626,3,59.85,1.8,3,130,0.9,,,,,,,,,,
627,6,71.1,23.85,3.9,133.2,9.9,,,,,,,,,,
628,3,31.05,30.15,3.9,106,11.1,,,,,,,,,,
629,5.1,48.15,9.9,3,119.2,3,,,,,,,,,,
630,0.9,54.9,16.2,2.1,121.2,6.9,,,,,,,,,,
631,5.1,49.95,0,9,117.2,2.1,,,,,,,,,,
632,3.9,62.1,23.85,6.9,132,11.1,,,,,,,,,,
633,5.1,43.2,0,6.9,112.8,0,,,,,,,,,,
634,6,72.9,18,6.9,138,9,,,,,,,,,,
635,5.1,32.85,19.8,3,104,9.9,,,,,,,,,,
636,3,52.2,26.1,5.1,122,12,,,,,,,,,,
637,3.9,63,8.1,6,124.8,5.1,,,,,,,,,,
638,3.9,46.8,12.15,3.9,119.2,6.9,,,,,,,,,,
639,6.9,61.2,27.9,8.1,123.2,9,,,,,,,,,,
640,2.1,46.8,0,0,116,3,,,,,,,,,,
641,3,40.05,4.05,5.1,112,0.9,,,,,,,,,,
642,0.9,44.1,26.1,0,114.8,11.1,,,,,,,,,,
643,3,36.9,23.85,0.9,110,9.9,,,,,,,,,,
644,3.9,40.05,4.05,6,115.2,0.9,,,,,,,,,,
645,3,32.85,19.8,6,110,9,,,,,,,,,,
646,6.9,35.1,19.8,8.1,110,8.1,,,,,,,,,,
647,2.1,58.95,8.1,3,128,3.9,,,,,,,,,,
648,2.1,37.8,36,0.9,103.2,14.1,,,,,,,,,,
649,3,45.9,16.2,3,117.2,5.1,,,,,,,,,,
650,5.1,55.8,22.05,6,124,9,,,,,,,,,,
651,2.1,63.9,9.9,3.9,126.8,3,,,,,,,,,,
652,3,58.95,13.95,3,131.2,3.9,,,,,,,,,,
653,9,28.8,19.8,12,100,6.9,,,,,,,,,,
654,3,54.9,1.8,2.1,123.2,3.9,,,,,,,,,,
655,3.9,54.9,4.05,5.1,124.8,3.9,,,,,,,,,,
656,5.1,62.1,0,6,132.8,0.9,,,,,,,,,,
657,3,70.2,22.05,3,127.2,6.9,,,,,,,,,,
658,5.1,48.15,13.95,5.1,110,6,,,,,,,,,,
659,2.1,59.85,13.95,2.1,120.8,6,,,,,,,,,,
660,0.9,46.8,13.95,0,114.8,6.9,,,,,,,,,,
661,5.1,44.1,22.05,2.1,112,8.1,,,,,,,,,,
662,3,55.8,9.9,2.1,125.2,3,,,,,,,,,,
663,2.1,70.2,0,5.1,134,0.9,,,,,,,,,,
664,5.1,79.2,23.85,6,138,9,,,,,,,,,,
665,8.1,46.8,18,9.9,112,6.9,,,,,,,,,,
666,3.9,45.9,36,3.9,113.2,11.1,,,,,,,,,,
667,3,52.2,19.8,0.9,120,6,,,,,,,,,,
668,3,36.9,27.9,5.1,108,9,,,,,,,,,,
669,3,62.1,18,3,128.8,6.9,,,,,,,,,,
670,2.1,46.8,8.1,2.1,116,3,,,,,,,,,,
671,9,39.15,8.1,6.9,114,6,,,,,,,,,,
672,3.9,71.1,4.05,3,138.8,3.9,,,,,,,,,,
673,3.9,45,13.95,8.1,116.8,6,,,,,,,,,,
674,2.1,46.8,8.1,0.9,114.8,3,,,,,,,,,,
675,6,40.95,12.15,8.1,109.2,5.1,,,,,,,,,,
676,2.1,50.85,0,3,119.2,0.9,,,,,,,,,,
677,3.9,30.15,0,6.9,106.8,3,,,,,,,,,,
678,2.1,37.8,12.15,2.1,110.8,6,,,,,,,,,,
679,3.9,58.05,0,2.1,128.8,2.1,,,,,,,,,,
680,2.1,46.8,19.8,3,111.2,6.9,,,,,,,,,,
681,2.1,61.2,22.05,3,125.2,8.1,,,,,,,,,,
682,2.1,67.05,26.1,2.1,130.8,9.9,,,,,,,,,,
683,3,59.85,27.9,3,126,9,,,,,,,,,,
684,0.9,36,9.9,3,111.2,5.1,,,,,,,,,,
685,3.9,58.95,12.15,5.1,123.2,6.9,,,,,,,,,,
686,3,41.85,22.05,3.9,112.8,9.9,,,,,,,,,,
687,6,41.85,5.85,3,106.8,3.9,,,,,,,,,,
688,3.9,31.95,0,3,104.8,2.1,,,,,,,,,,
689,3,45,0,6,113.2,3,,,,,,,,,,
690,2.1,36.9,5.85,3,107.2,3.9,,,,,,,,,,
691,5.1,45.9,1.8,3.9,116,0.9,,,,,,,,,,
692,3.9,59.85,19.8,3,126,8.1,,,,,,,,,,
693,0.9,37.8,5.85,3,114.8,6,,,,,,,,,,
694,3,67.05,26.1,6,132.8,9.9,,,,,,,,,,
695,2.1,40.95,5.85,2.1,114.8,3,,,,,,,,,,
696,0.9,46.8,0,0.9,120,0,,,,,,,,,,
697,3.9,72,0,6,134,2.1,,,,,,,,,,
698,3.9,45,19.8,6,112,8.1,,,,,,,,,,
699,3.9,58.05,16.2,3.9,126,6,,,,,,,,,,
700,5.1,58.95,1.8,6,126,2.1,,,,,,,,,,
701,3,58.05,5.85,5.1,126.8,5.1,,,,,,,,,,
702,6,53.1,5.85,3.9,124,3,,,,,,,,,,
703,0.9,54.9,0,0.9,128.8,3.9,,,,,,,,,,
704,3.9,41.85,5.85,5.1,116,3,,,,,,,,,,
705,3.9,59.85,13.95,2.1,122,6.9,,,,,,,,,,
706,3,45.9,8.1,3,110.8,3.9,,,,,,,,,,
707,3,49.95,0,3.9,121.2,2.1,,,,,,,,,,
708,0.9,40.05,37.8,3,110,15.9,,,,,,,,,,
709,5.1,36.9,0,5.1,111.2,2.1,,,,,,,,,,
710,2.1,39.15,5.85,3.9,111.2,3.9,,,,,,,,,,
711,6.9,46.8,9.9,5.1,116,3.9,,,,,,,,,,
712,5.1,49.95,12.15,2.1,120.8,9,,,,,,,,,,
713,8.1,40.95,9.9,6,113.2,3.9,,,,,,,,,,
714,2.1,41.85,1.8,5.1,112,3.9,,,,,,,,,,
715,3.9,37.8,1.8,5.1,107.2,3,,,,,,,,,,
716,5.1,59.85,8.1,0.9,128,5.1,,,,,,,,,,
717,0.9,45.9,0,0.9,114,0.9,,,,,,,,,,
718,6,36,8.1,8.1,108,3.9,,,,,,,,,,
719,2.1,46.8,5.85,5.1,116,2.1,,,,,,,,,,
720,2.1,45,8.1,5.1,122,5.1,,,,,,,,,,
721,3,39.15,8.1,3,108.8,3,,,,,,,,,,
722,3,53.1,13.95,3.9,124,8.1,,,,,,,,,,
723,8.1,63,0,3,123.2,0,,,,,,,,,,
724,0.9,57.15,9.9,0,128,5.1,,,,,,,,,,
725,3,59.85,23.85,5.1,122.8,9,,,,,,,,,,
726,3.9,12.15,22.05,3.9,88.8,6.9,,,,,,,,,,
727,3.9,85.95,0,3.9,151.2,3.9,,,,,,,,,,
728,6.9,67.95,0,5.1,132,0.9,,,,,,,,,,
729,3.9,43.2,9.9,6,110,3.9,,,,,,,,,,
730,2.1,32.85,22.05,0.9,102,9,,,,,,,,,,
731,3.9,55.8,40.05,6.9,125.2,15.9,,,,,,,,,,
732,0,35.1,18,0,108,8.1,,,,,,,,,,
733,3,46.8,4.05,3,117.2,2.1,,,,,,,,,,
734,3,45.9,8.1,3.9,116,2.1,,,,,,,,,,
735,6,68.85,16.2,6,132,6.9,,,,,,,,,,
736,3.9,49.95,12.15,3.9,120,9,,,,,,,,,,
737,3,49.95,9.9,3.9,120,3.9,,,,,,,,,,
738,3,40.05,13.95,2.1,110.8,6,,,,,,,,,,
739,3,57.15,0,3.9,126.8,2.1,,,,,,,,,,
740,3.9,93.15,8.1,6,152,3,,,,,,,,,,
741,5.1,53.1,13.95,6,119.2,5.1,,,,,,,,,,
742,5.1,54.9,9.9,9.9,127.2,3,,,,,,,,,,
743,3,48.15,16.2,3,122,8.1,,,,,,,,,,
744,3.9,49.05,9.9,6,120.8,5.1,,,,,,,,,,
745,0.9,48.15,0,3,113.2,2.1,,,,,,,,,,
746,3,49.05,0,3,119.2,3,,,,,,,,,,
747,2.1,59.85,4.05,5.1,129.2,2.1,,,,,,,,,,
748,3,27,0,0.9,102,6,,,,,,,,,,
749,0.9,67.05,30.15,0.9,125.2,12,,,,,,,,,,
750,3.9,48.15,5.85,5.1,120,9.9,,,,,,,,,,
751,5.1,27.9,37.8,0.9,99.2,12,,,,,,,,,,
752,3,63.9,0,2.1,134,0,,,,,,,,,,
753,3.9,37.8,18,9,108.8,9.9,,,,,,,,,,
754,2.1,48.15,13.95,5.1,115.2,6,,,,,,,,,,
755,5.1,43.2,31.95,3,108,11.1,,,,,,,,,,
756,3.9,40.05,22.05,3.9,109.2,6,,,,,,,,,,
757,3,58.95,0,5.1,130.8,0.9,,,,,,,,,,
758,3,63,0,0.9,127.2,0.9,,,,,,,,,,
759,3,64.8,27.9,3,124.8,14.1,,,,,,,,,,
760,2.1,31.05,22.05,3,106,6.9,,,,,,,,,,
761,3,62.1,1.8,5.1,126,0.9,,,,,,,,,,
762,0.9,63.9,9.9,3,128,5.1,,,,,,,,,,
763,3,22.95,16.2,3.9,96.8,9,,,,,,,,,,
764,3,58.05,16.2,3,124.8,6.9,,,,,,,,,,
765,0.9,45,13.95,0.9,117.2,5.1,,,,,,,,,,
766,3.9,68.85,0,5.1,141.2,2.1,,,,,,,,,,
767,0.9,67.05,0,2.1,138,3.9,,,,,,,,,,
768,3,50.85,26.1,3.9,118,11.1,,,,,,,,,,
769,3.9,31.05,8.1,8.1,102,2.1,,,,,,,,,,
770,3.9,67.05,9.9,3.9,134.8,6.9,,,,,,,,,,
771,3,50.85,13.95,2.1,116,3.9,,,,,,,,,,
772,3.9,52.2,26.1,5.1,116,9.9,,,,,,,,,,
773,2.1,40.95,30.15,0,117.2,9.9,,,,,,,,,,
774,5.1,45.9,12.15,9,116,6,,,,,,,,,,
775,5.1,40.95,12.15,3.9,109.2,5.1,,,,,,,,,,
776,3,59.85,5.85,3.9,125.2,2.1,,,,,,,,,,
777,3,45,18,5.1,115.2,6.9,,,,,,,,,,
778,3,68.85,0,3.9,136,2.1,,,,,,,,,,
779,5.1,64.8,13.95,6,127.2,5.1,,,,,,,,,,
780,3,58.05,1.8,3.9,124,3,,,,,,,,,,
781,3.9,71.1,22.05,3,129.2,9,,,,,,,,,,
782,5.1,61.2,23.85,3.9,122,8.1,,,,,,,,,,
783,2.1,68.85,0,3,134.8,2.1,,,,,,,,,,
784,3,49.05,8.1,3,116,2.1,,,,,,,,,,
785,0.9,46.8,1.8,3,118.8,3,,,,,,,,,,
786,8.1,40.95,13.95,6.9,107.2,3.9,,,,,,,,,,
787,5.1,46.8,0,3.9,116.8,3.9,,,,,,,,,,
788,5.1,49.05,5.85,5.1,119.2,5.1,,,,,,,,,,
789,3.9,40.95,23.85,3.9,110.8,9.9,,,,,,,,,,
790,5.1,49.95,1.8,5.1,123.2,0.9,,,,,,,,,,
791,2.1,39.15,23.85,2.1,111.2,9,,,,,,,,,,
792,3,72,27.9,3,135.2,9,,,,,,,,,,
793,6.9,62.1,16.2,6.9,127.2,8.1,,,,,,,,,,
794,3.9,61.2,19.8,3,124.8,9,,,,,,,,,,
795,0.9,41.85,37.8,3,108,12.9,,,,,,,,,,
796,3.9,50.85,9.9,2.1,116.8,5.1,,,,,,,,,,
797,2.1,55.8,18,0,124.8,6,,,,,,,,,,
798,3,39.15,0,2.1,109.2,3,,,,,,,,,,
799,3,63.9,5.85,3.9,132,3.9,,,,,,,,,,
800,6.9,49.95,18,9.9,118,8.1,,,,,,,,,,
801,2.1,57.15,0,3.9,128.8,3,,,,,,,,,,
802,3.9,31.95,19.8,3.9,102.8,8.1,,,,,,,,,,
803,3,48.15,22.05,0.9,120,9,,,,,,,,,,
804,3,45.9,8.1,2.1,120,3.9,,,,,,,,,,
805,5.1,72,19.8,6.9,137.2,9,,,,,,,,,,
806,3,59.85,5.85,0.9,127.2,6,,,,,,,,,,
807,0.9,41.85,22.05,3,109.2,8.1,,,,,,,,,,
808,5.1,44.1,18,8.1,109.2,9,,,,,,,,,,
809,3.9,44.1,19.8,3.9,109.2,6,,,,,,,,,,
810,3,72,26.1,3.9,137.2,9.9,,,,,,,,,,
811,2.1,55.8,16.2,5.1,122,5.1,,,,,,,,,,
812,2.1,43.2,16.2,3,112,6.9,,,,,,,,,,
813,2.1,64.8,30.15,5.1,128.8,12,,,,,,,,,,
814,2.1,40.05,13.95,3,112,6.9,,,,,,,,,,
815,3.9,39.15,30.15,3,107.2,9.9,,,,,,,,,,
816,0.9,58.95,13.95,3,123.2,6,,,,,,,,,,
817,3,55.8,13.95,3.9,120,8.1,,,,,,,,,,
818,3.9,30.15,18,3,103.2,5.1,,,,,,,,,,
819,5.1,36,41.85,8.1,110,15.9,,,,,,,,,,
820,3.9,63,0,3.9,134,2.1,,,,,,,,,,
821,0.9,62.1,18,2.1,126.8,5.1,,,,,,,,,,
822,6,45,19.8,6,115.2,9,,,,,,,,,,
823,3.9,44.1,19.8,3,113.2,9.9,,,,,,,,,,
824,2.1,40.95,8.1,3.9,112.8,3,,,,,,,,,,
825,2.1,44.1,36,2.1,110,15,,,,,,,,,,
826,2.1,58.05,5.85,3.9,130.8,5.1,,,,,,,,,,
827,3.9,30.15,5.85,3,110,5.1,,,,,,,,,,
828,6.9,59.85,26.1,6,126,9,,,,,,,,,,
829,3.9,45.9,22.05,3,120,8.1,,,,,,,,,,
830,8.1,64.8,16.2,6,130.8,6.9,,,,,,,,,,
831,9,61.2,1.8,8.1,128,3.9,,,,,,,,,,
832,6.9,59.85,12.15,8.1,124.8,8.1,,,,,,,,,,
833,0.9,64.8,16.2,0.9,134,5.1,,,,,,,,,,
834,3.9,44.1,26.1,6.9,112.8,9.9,,,,,,,,,,
835,5.1,66.15,16.2,5.1,127.2,5.1,,,,,,,,,,
836,3.9,68.85,13.95,6,123.2,5.1,,,,,,,,,,
837,5.1,67.95,27.9,3.9,132.8,11.1,,,,,,,,,,
838,5.1,55.8,22.05,6.9,119.2,11.1,,,,,,,,,,
839,3.9,44.1,8.1,3.9,114,5.1,,,,,,,,,,
840,3,49.95,8.1,3.9,122,5.1,,,,,,,,,,
841,3.9,40.95,23.85,6,109.2,9,,,,,,,,,,
842,3.9,63,40.05,3.9,127.2,12,,,,,,,,,,
843,6,63.9,9.9,3.9,125.2,6,,,,,,,,,,
844,3.9,58.05,1.8,2.1,126.8,2.1,,,,,,,,,,
845,3,30.15,22.05,3,104,9,,,,,,,,,,
846,2.1,52.2,9.9,3,118,6.9,,,,,,,,,,
847,0.9,43.2,27.9,3,112.8,11.1,,,,,,,,,,
848,3,58.95,0,3,125.2,2.1,,,,,,,,,,
849,6,46.8,18,3.9,109.2,6.9,,,,,,,,,,
850,2.1,57.15,19.8,0,120.8,12,,,,,,,,,,
851,9,64.8,18,6.9,130.8,6.9,,,,,,,,,,
852,2.1,50.85,16.2,3,119.2,6.9,,,,,,,,,,
853,6.9,45.9,0,6,120,3,,,,,,,,,,
854,3.9,70.2,0,5.1,133.2,0.9,,,,,,,,,,
855,5.1,36.9,5.85,3.9,107.2,3,,,,,,,,,,
856,5.1,61.2,16.2,3,126,6.9,,,,,,,,,,
857,3.9,82.8,0,6.9,150.8,3,,,,,,,,,,
858,2.1,64.8,5.85,3,126.8,2.1,,,,,,,,,,
859,3.9,52.2,1.8,0.9,123.2,0.9,,,,,,,,,,
860,2.1,43.2,18,5.1,105.2,8.1,,,,,,,,,,
861,5.1,31.95,9.9,3,104,6,,,,,,,,,,
862,3.9,53.1,16.2,3.9,120.8,8.1,,,,,,,,,,
863,0.9,61.2,4.05,2.1,126.8,3,,,,,,,,,,
864,3.9,61.2,18,0.9,125.2,6,,,,,,,,,,
865,3.9,36,4.05,5.1,104.8,2.1,,,,,,,,,,
866,3.9,45.9,0,5.1,115.2,3.9,,,,,,,,,,
867,0.9,49.05,19.8,3,116.8,6.9,,,,,,,,,,
868,0.9,44.1,1.8,3,119.2,2.1,,,,,,,,,,
869,3.9,58.05,16.2,3.9,120.8,6,,,,,,,,,,
870,3,59.85,27.9,3.9,125.2,9.9,,,,,,,,,,
871,5.1,43.2,12.15,2.1,112,5.1,,,,,,,,,,
872,5.1,58.95,12.15,6.9,124.8,3.9,,,,,,,,,,
873,5.1,71.1,13.95,3,134,6,,,,,,,,,,
874,3.9,49.05,0,5.1,124.8,2.1,,,,,,,,,,
875,0.9,36.9,19.8,2.1,110.8,6.9,,,,,,,,,,
876,3,41.85,12.15,3,112.8,5.1,,,,,,,,,,
877,3,67.95,9.9,3.9,130.8,6,,,,,,,,,,
878,3.9,36.9,9.9,5.1,108.8,5.1,,,,,,,,,,
879,3,45.9,9.9,5.1,115.2,9,,,,,,,,,,
880,2.1,59.85,13.95,2.1,128.8,6.9,,,,,,,,,,
881,3.9,58.05,31.95,6.9,122,9,,,,,,,,,,
882,3,73.8,5.85,5.1,136,3,,,,,,,,,,
883,3,49.95,5.85,6.9,118,3.9,,,,,,,,,,
884,6,70.2,0,3.9,140,2.1,,,,,,,,,,
885,3,66.15,0,2.1,131.2,2.1,,,,,,,,,,
886,5.1,54.9,13.95,0,124,6.9,,,,,,,,,,
887,3,67.95,0,3.9,136,2.1,,,,,,,,,,
888,0.9,55.8,4.05,2.1,122,5.1,,,,,,,,,,
889,3,52.2,16.2,3.9,120,6,,,,,,,,,,
890,3,48.15,16.2,5.1,114,6,,,,,,,,,,
891,2.1,37.8,16.2,3.9,108.8,6,,,,,,,,,,
892,6,49.95,5.85,6.9,118.8,3,,,,,,,,,,
893,6.9,58.95,13.95,6,123.2,9,,,,,,,,,,
894,0.9,67.05,0,0.9,132,0.9,,,,,,,,,,
895,5.1,54,13.95,5.1,122,6,,,,,,,,,,
896,3.9,35.1,0,3,110.8,0.9,,,,,,,,,,
897,5.1,36,8.1,6,111.2,3,,,,,,,,,,
898,2.1,32.85,5.85,3,110.8,2.1,,,,,,,,,,
899,3.9,64.8,16.2,6,128,8.1,,,,,,,,,,
900,3.9,63,5.85,3.9,131.2,2.1,,,,,,,,,,
901,3,54.9,5.85,5.1,126,3,,,,,,,,,,
902,3,63,22.05,2.1,123.2,11.1,,,,,,,,,,
903,3,40.95,0,5.1,112.8,2.1,,,,,,,,,,
904,3.9,63,16.2,3.9,132,6,,,,,,,,,,
905,3.9,40.05,8.1,3.9,106.8,3,,,,,,,,,,
906,5.1,44.1,12.15,3.9,110.8,3.9,,,,,,,,,,
907,5.1,44.1,19.8,2.1,112,8.1,,,,,,,,,,
908,3.9,37.8,8.1,3,107.2,5.1,,,,,,,,,,
909,2.1,37.8,18,3,109.2,9,,,,,,,,,,
910,3.9,67.95,0,6,132.8,3,,,,,,,,,,
911,3,50.85,22.05,2.1,119.2,8.1,,,,,,,,,,
912,2.1,40.05,18,2.1,107.2,8.1,,,,,,,,,,
913,6,52.2,9.9,6,122.8,3.9,,,,,,,,,,
914,0,58.05,13.95,0.9,127.2,3.9,,,,,,,,,,
915,6,58.05,12.15,6.9,120,3.9,,,,,,,,,,
916,0.9,63.9,9.9,3,130,3.9,,,,,,,,,,
917,6,62.1,13.95,2.1,128,5.1,,,,,,,,,,
918,3,35.1,34.2,5.1,107.2,11.1,,,,,,,,,,
919,5.1,39.15,36,3,109.2,14.1,,,,,,,,,,
920,6,39.15,27.9,5.1,106,8.1,,,,,,,,,,
921,5.1,49.05,23.85,2.1,117.2,9,,,,,,,,,,
922,3.9,43.2,12.15,3.9,109.2,6.9,,,,,,,,,,
923,3.9,58.05,8.1,3.9,124.8,3.9,,,,,,,,,,
924,2.1,58.95,0,0,126.8,2.1,,,,,,,,,,
925,0.9,37.8,41.85,3,108.8,12,,,,,,,,,,
926,6.9,50.85,0,11.1,118.8,0.9,,,,,,,,,,
927,5.1,34.2,8.1,9,106.8,3.9,,,,,,,,,,
928,3,34.2,16.2,0.9,104,6.9,,,,,,,,,,
929,5.1,40.95,23.85,3,111.2,6.9,,,,,,,,,,
930,3,49.05,12.15,5.1,118.8,5.1,,,,,,,,,,
931,3,43.2,22.05,3,110,8.1,,,,,,,,,,
932,3.9,54,0,6,120.8,0,,,,,,,,,,
933,6,54,4.05,8.1,122.8,2.1,,,,,,,,,,
934,2.1,44.1,0,2.1,115.2,2.1,,,,,,,,,,
935,6,49.95,26.1,3.9,118.8,9.9,,,,,,,,,,
936,3.9,79.2,27.9,3.9,138.8,9,,,,,,,,,,
937,0.9,54.9,0,0.9,126,0.9,,,,,,,,,,
938,0.9,66.15,0,3,131.2,0.9,,,,,,,,,,
939,3,45.9,16.2,3,113.2,6,,,,,,,,,,
940,5.1,50.85,1.8,6,118.8,3,,,,,,,,,,
941,3,59.85,0,3,130.8,0.9,,,,,,,,,,
942,3,45.9,0,3,116,2.1,,,,,,,,,,
943,3.9,49.05,16.2,6,118.8,9,,,,,,,,,,
944,3.9,55.8,9.9,3.9,123.2,6.9,,,,,,,,,,
945,3.9,32.85,0,5.1,108,3,,,,,,,,,,
946,2.1,55.8,0,2.1,126,2.1,,,,,,,,,,
947,3.9,48.15,5.85,5.1,117.2,3.9,,,,,,,,,,
948,0.9,52.2,18,0,122,6,,,,,,,,,,
949,2.1,55.8,9.9,0.9,122.8,5.1,,,,,,,,,,
950,3,40.05,9.9,3,116,3.9,,,,,,,,,,
951,3,72,0,2.1,140,0,,,,,,,,,,
952,3,52.2,31.95,3,114.8,9,,,,,,,,,,
953,8.1,46.8,12.15,3.9,117.2,3.9,,,,,,,,,,
954,8.1,43.2,23.85,5.1,110.8,11.1,,,,,,,,,,
955,0.9,49.05,4.05,2.1,121.2,3,,,,,,,,,,
956,5.1,27.9,13.95,5.1,104,5.1,,,,,,,,,,
957,6.9,45,18,2.1,108.8,5.1,,,,,,,,,,
958,5.1,54,0,3.9,124.8,0,,,,,,,,,,
959,2.1,81,22.05,0.9,137.2,8.1,,,,,,,,,,
960,3,37.8,5.85,3.9,110,3.9,,,,,,,,,,
961,5.1,66.15,4.05,5.1,124.8,2.1,,,,,,,,,,
962,3,46.8,0,3,118.8,2.1,,,,,,,,,,
963,3,54,8.1,3.9,118,5.1,,,,,,,,,,
964,3.9,49.05,13.95,3.9,116.8,3.9,,,,,,,,,,
965,2.1,71.1,0,5.1,139.2,0.9,,,,,,,,,,
966,3.9,52.2,18,5.1,120.8,9,,,,,,,,,,
967,5.1,39.15,34.2,6,107.2,12.9,,,,,,,,,,
968,3.9,49.05,12.15,3.9,115.2,3.9,,,,,,,,,,
969,5.1,73.8,13.95,3.9,134,5.1,,,,,,,,,,
970,3,48.15,12.15,5.1,116.8,3.9,,,,,,,,,,
971,2.1,27.9,31.95,2.1,101.2,9.9,,,,,,,,,,
972,2.1,66.15,9.9,3,133.2,5.1,,,,,,,,,,
973,2.1,53.1,0,2.1,122.8,3,,,,,,,,,,
974,3.9,58.05,12.15,3,129.2,5.1,,,,,,,,,,
975,2.1,52.2,22.05,5.1,122,8.1,,,,,,,,,,
976,8.1,49.95,19.8,8.1,116,6.9,,,,,,,,,,
977,5.1,80.1,0,6.9,137.2,0.9,,,,,,,,,,
978,3,43.2,9.9,5.1,110.8,5.1,,,,,,,,,,
979,3.9,63,19.8,5.1,128.8,6.9,,,,,,,,,,
980,3,54,13.95,2.1,126,6,,,,,,,,,,
981,3,49.95,5.85,3.9,124,3.9,,,,,,,,,,
982,5.1,44.1,5.85,6.9,111.2,3,,,,,,,,,,
983,3.9,39.15,44.1,3,105.2,15,,,,,,,,,,
984,2.1,43.2,19.8,2.1,116,6.9,,,,,,,,,,
985,0.9,55.8,16.2,3,120,6,,,,,,,,,,
986,3.9,35.1,23.85,3.9,107.2,12,,,,,,,,,,
987,2.1,79.2,0,0.9,144.8,0.9,,,,,,,,,,
988,5.1,39.15,0,3,112.8,3,,,,,,,,,,
989,3,55.8,12.15,2.1,127.2,6.9,,,,,,,,,,
990,3.9,61.2,13.95,6.9,130.8,6.9,,,,,,,,,,
991,6.9,57.15,16.2,6,127.2,8.1,,,,,,,,,,
992,3.9,63,0,3.9,128.8,0,,,,,,,,,,
993,3.9,36.9,5.85,3.9,110.8,3.9,,,,,,,,,,
994,3,58.95,16.2,3.9,122.8,6.9,,,,,,,,,,
995,0.9,54,0,0.9,119.2,2.1,,,,,,,,,,
996,2.1,66.15,0,2.1,132.8,3.9,,,,,,,,,,
997,3.9,50.85,0,5.1,122.8,0.9,,,,,,,,,,
998,3.9,26.1,30.15,3,102,9.9,,,,,,,,,,
999,3,67.95,19.8,2.1,128,6.9,,,,,,,,,,
1000,5.1,70.2,31.95,0.9,131.2,12.9,,,,,,,,,,
1001,2.1,45.9,8.1,3.9,114.8,3,,,,,,,,,,
1002,6,55.8,16.2,3.9,126.8,6.9,,,,,,,,,,
1003,8.1,41.85,4.05,3.9,109.2,3.9,,,,,,,,,,
1004,3,48.15,13.95,2.1,112.8,3.9,,,,,,,,,,
1005,0.9,54,16.2,2.1,120.8,5.1,,,,,,,,,,
1006,3.9,39.15,23.85,3.9,110,11.1,,,,,,,,,,
1007,2.1,49.05,8.1,0.9,122,2.1,,,,,,,,,,
1008,3,58.05,23.85,3.9,126.8,8.1,,,,,,,,,,
1009,5.1,52.2,8.1,5.1,123.2,6.9,,,,,,,,,,
1010,0.9,59.85,16.2,0,128.8,9,,,,,,,,,,
1011,5.1,63,19.8,5.1,126,6,,,,,,,,,,
1012,2.1,52.2,19.8,0.9,119.2,12.9,,,,,,,,,,
1013,3,61.2,22.05,3,127.2,6.9,,,,,,,,,,
1014,6,62.1,0,2.1,131.2,3,,,,,,,,,,
1015,2.1,43.2,30.15,3,112,9.9,,,,,,,,,,
1016,5.1,61.2,0,5.1,125.2,0.9,,,,,,,,,,
1017,2.1,46.8,30.15,3,112.8,9.9,,,,,,,,,,
1018,3.9,41.85,16.2,2.1,113.2,6,,,,,,,,,,
1019,6.9,58.95,22.05,3,127.2,9,,,,,,,,,,
1020,3.9,79.2,1.8,3.9,141.2,0.9,,,,,,,,,,
1021,3,63.9,8.1,3,130,3.9,,,,,,,,,,
1022,3.9,70.2,5.85,2.1,139.2,3,,,,,,,,,,
1023,3,50.85,0,6.9,124.8,2.1,,,,,,,,,,
1024,0,41.85,0,0.9,112.8,0,,,,,,,,,,
1025,3,36,22.05,3,105.2,8.1,,,,,,,,,,
1026,2.1,63.9,9.9,5.1,132,5.1,,,,,,,,,,
1027,3.9,55.8,16.2,6,120,6.9,,,,,,,,,,
1028,0.9,64.8,23.85,0.9,124.8,11.1,,,,,,,,,,
1029,3,25.2,0,3,102.8,3,,,,,,,,,,
1030,2.1,30.15,9.9,2.1,98.8,3.9,,,,,,,,,,
1031,3.9,50.85,1.8,6,120.8,3,,,,,,,,,,
1032,3.9,64.8,8.1,5.1,128.8,2.1,,,,,,,,,,
1033,2.1,61.2,1.8,5.1,128.8,0,,,,,,,,,,
1034,2.1,49.05,9.9,2.1,121.2,3.9,,,,,,,,,,
1035,6,30.15,0,5.1,107.2,2.1,,,,,,,,,,
1036,3.9,62.1,9.9,0.9,130.8,6.9,,,,,,,,,,
1037,6.9,57.15,8.1,8.1,124,5.1,,,,,,,,,,
1038,5.1,22.95,12.15,6,100,6,,,,,,,,,,
1039,5.1,54,22.05,2.1,120,9,,,,,,,,,,
1040,3.9,45.9,16.2,6,121.2,5.1,,,,,,,,,,
1041,3,45.9,19.8,2.1,112,6,,,,,,,,,,
1042,3,61.2,18,2.1,129.2,6,,,,,,,,,,
1043,6,77.85,1.8,3,138,3.9,,,,,,,,,,
1044,5.1,23.85,8.1,6,100,3,,,,,,,,,,
1045,3,66.15,9.9,3.9,126,6.9,,,,,,,,,,
1046,3.9,36.9,26.1,6.9,109.2,9,,,,,,,,,,
1047,3.9,70.2,0,5.1,133.2,0,,,,,,,,,,
1048,3,54.9,0,3.9,121.2,3,,,,,,,,,,
1049,3,50.85,13.95,2.1,118.8,6.9,,,,,,,,,,
1050,2.1,32.85,9.9,5.1,105.2,3,,,,,,,,,,
1051,0.9,59.85,13.95,0.9,124.8,6.9,,,,,,,,,,
1052,5.1,48.15,23.85,9,116,9,,,,,,,,,,
1053,5.1,54,9.9,6,118,8.1,,,,,,,,,,
1054,5.1,64.8,19.8,5.1,126.8,6,,,,,,,,,,
1055,3.9,54.9,26.1,3,117.2,11.1,,,,,,,,,,
1056,3,49.05,4.05,3.9,116,3,,,,,,,,,,
1057,3,58.05,9.9,3.9,123.2,5.1,,,,,,,,,,
1058,3,53.1,1.8,3,125.2,0.9,,,,,,,,,,
1059,8.1,40.95,22.05,6.9,114,14.1,,,,,,,,,,
1060,3,48.15,12.15,2.1,118,6,,,,,,,,,,
1061,3.9,61.2,26.1,6,122.8,9,,,,,,,,,,
1062,3,31.95,22.05,3,103.2,8.1,,,,,,,,,,
1063,0.9,58.95,12.15,3,130,5.1,,,,,,,,,,
1064,2.1,35.1,30.15,5.1,107.2,9.9,,,,,,,,,,
1065,2.1,57.15,1.8,3.9,128.8,6,,,,,,,,,,
1066,5.1,39.15,12.15,6,104,5.1,,,,,,,,,,
1067,5.1,39.15,26.1,6.9,112,12,,,,,,,,,,
1068,0,57.15,22.05,0.9,122.8,9,,,,,,,,,,
1069,5.1,61.2,1.8,5.1,128.8,3.9,,,,,,,,,,
1070,3.9,73.8,19.8,3,133.2,6.9,,,,,,,,,,
1071,5.1,48.15,1.8,3.9,119.2,5.1,,,,,,,,,,
1072,2.1,49.95,5.85,2.1,118.8,3.9,,,,,,,,,,
1073,0.9,54,18,0.9,119.2,6.9,,,,,,,,,,
1074,3.9,63.9,8.1,3.9,127.2,3.9,,,,,,,,,,
1075,2.1,41.85,18,3,114.8,6,,,,,,,,,,
1076,3,43.2,27.9,2.1,109.2,12,,,,,,,,,,
1077,6,54.9,0,2.1,125.2,3,,,,,,,,,,
1078,3,52.2,26.1,2.1,114.8,9.9,,,,,,,,,,
1079,5.1,64.8,4.05,6,131.2,2.1,,,,,,,,,,
1080,5.1,44.1,0,6,110.8,3,,,,,,,,,,
1081,3,73.8,18,2.1,135.2,5.1,,,,,,,,,,
1082,3.9,50.85,5.85,3,122.8,6.9,,,,,,,,,,
1083,3.9,66.15,9.9,3,131.2,5.1,,,,,,,,,,
1084,3,46.8,12.15,5.1,120,6.9,,,,,,,,,,
1085,5.1,58.05,34.2,6,118,9.9,,,,,,,,,,
1086,5.1,41.85,1.8,3,114.8,3,,,,,,,,,,
1087,3.9,77.85,9.9,5.1,146.8,3,,,,,,,,,,
1088,0,64.8,9.9,0,126.8,5.1,,,,,,,,,,
1089,0,57.15,23.85,0.9,124.8,12,,,,,,,,,,
1090,2.1,59.85,5.85,5.1,124.8,3,,,,,,,,,,
1091,3,53.1,0,3.9,122.8,0.9,,,,,,,,,,
1092,5.1,52.2,0,6,121.2,5.1,,,,,,,,,,
1093,2.1,63,36,3,127.2,12,,,,,,,,,,
1094,6,55.8,4.05,5.1,126,2.1,,,,,,,,,,
1095,2.1,37.8,18,5.1,106,6,,,,,,,,,,
1096,9,25.2,13.95,3.9,100.8,6.9,,,,,,,,,,
1097,2.1,79.2,8.1,2.1,140.8,3,,,,,,,,,,
1098,3.9,75.15,16.2,3.9,135.2,5.1,,,,,,,,,,
1099,3,37.8,18,3.9,110.8,6,,,,,,,,,,
1100,2.1,48.15,40.05,0.9,112.8,15.9,,,,,,,,,,
1101,2.1,64.8,19.8,3,130.8,9.9,,,,,,,,,,
1102,3,58.05,13.95,3.9,122,6.9,,,,,,,,,,
1103,6,46.8,4.05,3.9,116.8,5.1,,,,,,,,,,
1104,3,45,26.1,3,110.8,9.9,,,,,,,,,,
1105,3,53.1,0,2.1,122.8,3.9,,,,,,,,,,
1106,6.9,57.15,5.85,6,124.8,3.9,,,,,,,,,,
1107,5.1,31.95,26.1,6,105.2,9,,,,,,,,,,
1108,5.1,32.85,0,5.1,112.8,3,,,,,,,,,,
1109,5.1,53.1,4.05,6,121.2,2.1,,,,,,,,,,
1110,3.9,63,12.15,6,128.8,3.9,,,,,,,,,,
1111,3,75.15,0,3.9,138,5.1,,,,,,,,,,
1112,5.1,67.95,4.05,8.1,132.8,2.1,,,,,,,,,,
1113,3,85.05,0,3,147.2,2.1,,,,,,,,,,
1114,2.1,34.2,13.95,2.1,103.2,5.1,,,,,,,,,,
1115,5.1,64.8,13.95,8.1,134.8,8.1,,,,,,,,,,
1116,3.9,46.8,8.1,5.1,116,3,,,,,,,,,,
1117,3.9,57.15,27.9,3.9,126,12,,,,,,,,,,
1118,3.9,52.2,18,3,116.8,6.9,,,,,,,,,,
1119,3,53.1,27.9,2.1,118,9.9,,,,,,,,,,
1120,3.9,40.95,18,3.9,112.8,6.9,,,,,,,,,,
1121,2.1,75.15,12.15,0.9,138,3.9,,,,,,,,,,
1122,3,63,0,2.1,134.8,3,,,,,,,,,,
1123,3,31.05,23.85,3,104,9,,,,,,,,,,
1124,2.1,45.9,12.15,5.1,116,6,,,,,,,,,,
1125,3,59.85,13.95,2.1,123.2,5.1,,,,,,,,,,
1126,6.9,45.9,0,5.1,110.8,0,,,,,,,,,,
1127,3,49.95,1.8,3,120.8,5.1,,,,,,,,,,
1128,6,31.95,23.85,6.9,106,8.1,,,,,,,,,,
1129,2.1,53.1,19.8,2.1,124.8,9.9,,,,,,,,,,
1130,3.9,62.1,19.8,5.1,130.8,9,,,,,,,,,,
1131,3.9,58.95,26.1,6,127.2,12,,,,,,,,,,
1132,0.9,41.85,16.2,3,111.2,8.1,,,,,,,,,,
1133,6.9,58.95,12.15,5.1,125.2,8.1,,,,,,,,,,
1134,5.1,57.15,13.95,3.9,123.2,6,,,,,,,,,,
1135,2.1,63,8.1,3,128,5.1,,,,,,,,,,
1136,5.1,40.05,18,6.9,108.8,8.1,,,,,,,,,,
1137,6,50.85,16.2,6,114.8,6,,,,,,,,,,
1138,6,53.1,18,6.9,124,9,,,,,,,,,,
1139,2.1,63,26.1,2.1,132,9,,,,,,,,,,
1140,2.1,31.95,5.85,2.1,103.2,3,,,,,,,,,,
1141,3.9,26.1,27.9,6,96.8,12,,,,,,,,,,
1142,3.9,64.8,23.85,3.9,130,8.1,,,,,,,,,,
1143,8.1,49.05,4.05,6,124.8,2.1,,,,,,,,,,
1144,5.1,48.15,0,5.1,120.8,3.9,,,,,,,,,,
1145,0.9,54.9,0,3,124,0.9,,,,,,,,,,
1146,2.1,39.15,40.05,3,108.8,12.9,,,,,,,,,,
1147,3,61.2,8.1,3,128.8,3,,,,,,,,,,
1148,3,63,12.15,3.9,132.8,6.9,,,,,,,,,,
1149,0.9,45,16.2,3,116.8,6,,,,,,,,,,
1150,2.1,52.2,31.95,2.1,117.2,14.1,,,,,,,,,,
1151,5.1,44.1,34.2,3,110,12,,,,,,,,,,
1152,3,49.95,16.2,5.1,120.8,8.1,,,,,,,,,,
1153,5.1,72,5.85,3.9,137.2,5.1,,,,,,,,,,
1154,6,52.2,16.2,6,119.2,6.9,,,,,,,,,,
1155,2.1,54.9,0,3.9,127.2,0.9,,,,,,,,,,
1156,5.1,67.95,18,2.1,131.2,8.1,,,,,,,,,,
1157,3,67.95,26.1,3,134,9,,,,,,,,,,
1158,3.9,55.8,23.85,2.1,124,9.9,,,,,,,,,,
1159,6.9,64.8,4.05,6,137.2,0.9,,,,,,,,,,
1160,3.9,45,12.15,2.1,109.2,3.9,,,,,,,,,,
1161,0.9,67.95,23.85,0,136.8,8.1,,,,,,,,,,
1162,3,36,26.1,6,106.8,9,,,,,,,,,,
1163,3,45,41.85,3,110.8,15.9,,,,,,,,,,
1164,3,66.15,23.85,3.9,128,8.1,,,,,,,,,,
1165,5.1,61.2,0,5.1,128,5.1,,,,,,,,,,
1166,3.9,72,30.15,2.1,136,12,,,,,,,,,,
1167,6,67.05,0,6.9,133.2,2.1,,,,,,,,,,
1168,3.9,55.8,0,6,122.8,2.1,,,,,,,,,,
1169,3.9,62.1,4.05,0.9,125.2,2.1,,,,,,,,,,
1170,2.1,44.1,22.05,0.9,114,8.1,,,,,,,,,,
1171,6.9,45.9,19.8,6,117.2,8.1,,,,,,,,,,
1172,3,46.8,4.05,5.1,117.2,2.1,,,,,,,,,,
1173,5.1,40.95,27.9,5.1,111.2,12.9,,,,,,,,,,
1174,6,53.1,12.15,5.1,120.8,8.1,,,,,,,,,,
1175,3,63,9.9,2.1,130,3.9,,,,,,,,,,
1176,6,48.15,9.9,3.9,118.8,3.9,,,,,,,,,,
1177,5.1,72,16.2,3.9,134,9.9,,,,,,,,,,
1178,5.1,50.85,13.95,6,124.8,6,,,,,,,,,,
1179,0.9,63,5.85,0.9,127.2,3.9,,,,,,,,,,
1180,5.1,76.95,22.05,5.1,138,9,,,,,,,,,,
1181,6,85.95,19.8,3,149.2,6.9,,,,,,,,,,
1182,3.9,45.9,37.8,6,108.8,12.9,,,,,,,,,,
1183,3.9,58.05,8.1,6,128.8,3,,,,,,,,,,
1184,3,62.1,0,6.9,135.2,0,,,,,,,,,,
1185,3,70.2,0,3,141.2,3,,,,,,,,,,
1186,3,27.9,13.95,5.1,100.8,3.9,,,,,,,,,,
1187,5.1,58.05,13.95,3.9,123.2,3.9,,,,,,,,,,
1188,6,52.2,0,3.9,122,0,,,,,,,,,,
1189,3,75.15,23.85,5.1,136.8,12.9,,,,,,,,,,
1190,6,61.2,12.15,5.1,130.8,9,,,,,,,,,,
1191,6.9,58.95,12.15,8.1,125.2,6,,,,,,,,,,
1192,3.9,43.2,4.05,6,118.8,0.9,,,,,,,,,,
1193,9,55.8,12.15,9.9,125.2,6,,,,,,,,,,
1194,6,63,0,3.9,128.8,0.9,,,,,,,,,,
1195,0.9,61.2,4.05,2.1,126,0.9,,,,,,,,,,
1196,3,36.9,12.15,0.9,109.2,3.9,,,,,,,,,,
1197,3,44.1,19.8,3,115.2,9,,,,,,,,,,
1198,3.9,49.95,22.05,6,118,9.9,,,,,,,,,,
1199,3.9,32.85,37.8,2.1,100.8,12.9,,,,,,,,,,
1200,2.1,73.8,18,2.1,141.2,8.1,,,,,,,,,,
1201,3,57.15,26.1,2.1,123.2,9,,,,,,,,,,
1202,2.1,14.85,22.05,3,88.8,6.9,,,,,,,,,,
1203,5.1,54.9,13.95,3,128,9.9,,,,,,,,,,
1204,3.9,48.15,27.9,2.1,114.8,11.1,,,,,,,,,,
1205,3.9,61.2,27.9,3.9,129.2,11.1,,,,,,,,,,
1206,2.1,66.15,22.05,2.1,129.2,8.1,,,,,,,,,,
1207,9,49.95,23.85,3.9,116.8,6.9,,,,,,,,,,
1208,3.9,40.95,8.1,6,111.2,8.1,,,,,,,,,,
1209,3.9,64.8,23.85,3.9,130.8,9,,,,,,,,,,
1210,2.1,64.8,16.2,3,125.2,6.9,,,,,,,,,,
1211,0.9,31.05,8.1,2.1,95.2,3,,,,,,,,,,
1212,6,40.05,27.9,6.9,110.8,11.1,,,,,,,,,,
1213,5.1,34.2,22.05,6.9,105.2,9.9,,,,,,,,,,
1214,5.1,36.9,23.85,3.9,107.2,9,,,,,,,,,,
1215,0.9,43.2,16.2,0.9,112.8,6.9,,,,,,,,,,
1216,3.9,34.2,13.95,8.1,107.2,3.9,,,,,,,,,,
1217,3.9,43.2,4.05,2.1,112.8,3.9,,,,,,,,,,
1218,5.1,44.1,5.85,3.9,116.8,6,,,,,,,,,,
1219,5.1,67.05,12.15,8.1,132,6,,,,,,,,,,
1220,3.9,45,13.95,6,112.8,5.1,,,,,,,,,,
1221,3.9,41.85,5.85,6,110,6,,,,,,,,,,
1222,6,63,13.95,9.9,128.8,6,,,,,,,,,,
1223,5.1,49.05,5.85,6,116.8,2.1,,,,,,,,,,
1224,3,58.05,0,0.9,132,2.1,,,,,,,,,,
1225,2.1,54.9,0,3.9,120.8,3,,,,,,,,,,
1226,0,48.15,5.85,0.9,116,3.9,,,,,,,,,,
1227,2.1,43.2,22.05,2.1,117.2,9.9,,,,,,,,,,
1228,2.1,79.2,41.85,3.9,134,14.1,,,,,,,,,,
1229,5.1,46.8,1.8,6,112.8,3,,,,,,,,,,
1230,5.1,45,9.9,3,113.2,5.1,,,,,,,,,,
1231,3,61.2,4.05,2.1,128,3,,,,,,,,,,
1232,2.1,64.8,16.2,3,128.8,6,,,,,,,,,,
1233,6,45,0,3,116.8,2.1,,,,,,,,,,
1234,3.9,68.85,5.85,0.9,132.8,3,,,,,,,,,,
1235,3.9,43.2,5.85,3.9,114,3.9,,,,,,,,,,
1236,3,28.8,26.1,3.9,97.2,9,,,,,,,,,,
1237,3.9,48.15,23.85,3,115.2,6.9,,,,,,,,,,
1238,3.9,70.2,5.85,5.1,137.2,5.1,,,,,,,,,,
1239,3.9,49.95,13.95,5.1,115.2,3.9,,,,,,,,,,
1240,6.9,46.8,0,8.1,119.2,0.9,,,,,,,,,,
1241,5.1,36.9,12.15,3.9,106.8,6,,,,,,,,,,
1242,5.1,46.8,13.95,0.9,115.2,6,,,,,,,,,,
1243,0.9,55.8,0,0.9,124.8,2.1,,,,,,,,,,
1244,5.1,53.1,23.85,6,117.2,6.9,,,,,,,,,,
1245,2.1,55.8,8.1,2.1,120.8,6.9,,,,,,,,,,
1246,5.1,58.95,23.85,5.1,122.8,9,,,,,,,,,,
1247,3,61.2,0,2.1,128,0.9,,,,,,,,,,
1248,0.9,27.9,22.05,3,100.8,12,,,,,,,,,,
1249,2.1,82.8,0,3.9,149.2,0.9,,,,,,,,,,
1250,0.9,50.85,9.9,2.1,116,6,,,,,,,,,,
1251,2.1,57.15,1.8,3.9,122.8,0,,,,,,,,,,
1252,3.9,63.9,16.2,6,128.8,9,,,,,,,,,,
1253,2.1,57.15,22.05,5.1,122.8,9,,,,,,,,,,
1254,3,57.15,13.95,3,124.8,6,,,,,,,,,,
1255,3,37.8,0,3.9,111.2,2.1,,,,,,,,,,
1256,3.9,66.15,1.8,3,131.2,6,,,,,,,,,,
1257,3.9,35.1,26.1,3,106,14.1,,,,,,,,,,
1258,2.1,49.95,13.95,5.1,115.2,3.9,,,,,,,,,,
1259,0.9,49.05,0,0,115.2,0,,,,,,,,,,
1260,6.9,45.9,22.05,2.1,112,8.1,,,,,,,,,,
1261,3,64.8,1.8,3.9,129.2,3,,,,,,,,,,
1262,3,55.8,5.85,3.9,120,2.1,,,,,,,,,,
1263,6,49.95,9.9,2.1,114.8,6,,,,,,,,,,
1264,3,40.05,12.15,3.9,108.8,3.9,,,,,,,,,,
1265,6.9,63,18,6.9,134,6.9,,,,,,,,,,
1266,3,40.05,23.85,6.9,108,8.1,,,,,,,,,,
1267,5.1,59.85,0,6,127.2,2.1,,,,,,,,,,
1268,8.1,58.05,22.05,6.9,123.2,9.9,,,,,,,,,,
1269,8.1,41.85,1.8,6,110,3.9,,,,,,,,,,
1270,3.9,55.8,9.9,6,124,5.1,,,,,,,,,,
1271,6.9,44.1,16.2,3.9,113.2,8.1,,,,,,,,,,
1272,2.1,85.05,0,3,144.8,0.9,,,,,,,,,,
1273,2.1,82.8,0,0.9,151.2,2.1,,,,,,,,,,
1274,2.1,63.9,18,3.9,131.2,8.1,,,,,,,,,,
1275,6,57.15,18,3,125.2,9.9,,,,,,,,,,
1276,3.9,41.85,5.85,3,111.2,3.9,,,,,,,,,,
1277,3,49.95,9.9,3.9,121.2,5.1,,,,,,,,,,
1278,5.1,49.05,23.85,5.1,118,9,,,,,,,,,,
1279,6,61.2,13.95,6,124.8,5.1,,,,,,,,,,
1280,5.1,43.2,16.2,8.1,115.2,8.1,,,,,,,,,,
1281,5.1,40.95,4.05,3.9,102.8,0.9,,,,,,,,,,
1282,8.1,79.2,18,6,140,6.9,,,,,,,,,,
1283,3.9,64.8,12.15,6,128.8,3.9,,,,,,,,,,
1284,5.1,43.2,26.1,8.1,110.8,9.9,,,,,,,,,,
1285,8.1,54.9,5.85,9,124,6,,,,,,,,,,
1286,5.1,63,22.05,5.1,130,9.9,,,,,,,,,,
1287,5.1,58.05,19.8,6.9,124.8,6,,,,,,,,,,
1288,2.1,59.85,19.8,2.1,124.8,9,,,,,,,,,,
1289,0,53.1,12.15,0.9,122.8,6,,,,,,,,,,
1290,5.1,45,4.05,3.9,116,2.1,,,,,,,,,,
1291,6,34.2,0,5.1,107.2,0.9,,,,,,,,,,
1292,5.1,55.8,9.9,6,125.2,3.9,,,,,,,,,,
1293,0.9,41.85,16.2,3,114.8,9.9,,,,,,,,,,
1294,2.1,45.9,22.05,3,115.2,9,,,,,,,,,,
1295,0.9,49.05,26.1,0.9,120,8.1,,,,,,,,,,
1296,3.9,70.2,13.95,3.9,134,9,,,,,,,,,,
1297,2.1,34.2,5.85,2.1,111.2,3,,,,,,,,,,
1298,3.9,53.1,23.85,6,118,8.1,,,,,,,,,,
1299,6,52.2,1.8,5.1,124,3,,,,,,,,,,
1300,3,49.05,27.9,5.1,115.2,9.9,,,,,,,,,,
1301,5.1,40.05,19.8,2.1,111.2,9.9,,,,,,,,,,
1302,2.1,67.05,4.05,2.1,133.2,6.9,,,,,,,,,,
1303,0.9,40.95,12.15,2.1,114,9,,,,,,,,,,
1304,3.9,45,5.85,2.1,113.2,3,,,,,,,,,,
1305,3.9,49.05,8.1,5.1,119.2,3,,,,,,,,,,
1306,2.1,43.2,19.8,0,113.2,8.1,,,,,,,,,,
1307,5.1,43.2,4.05,3,114,3,,,,,,,,,,
1308,0.9,49.95,9.9,3,117.2,3.9,,,,,,,,,,
1309,2.1,81,0,3,146,3,,,,,,,,,,
1310,3.9,70.2,18,6,134.8,8.1,,,,,,,,,,
1311,6,44.1,8.1,8.1,114.8,3.9,,,,,,,,,,
1312,2.1,61.2,18,3.9,126.8,8.1,,,,,,,,,,
1313,0,53.1,1.8,0.9,120.8,5.1,,,,,,,,,,
1314,3,54.9,18,3.9,125.2,6,,,,,,,,,,
1315,3.9,59.85,18,5.1,125.2,9,,,,,,,,,,
1316,6,63,0,6,127.2,0.9,,,,,,,,,,
1317,5.1,50.85,4.05,6.9,122,0.9,,,,,,,,,,
1318,0,52.2,27.9,0,118.8,12.9,,,,,,,,,,
1319,3.9,35.1,9.9,5.1,108,5.1,,,,,,,,,,
1320,6,46.8,22.05,2.1,112.8,9,,,,,,,,,,
1321,5.1,89.1,5.85,8.1,145.2,6,,,,,,,,,,
1322,2.1,37.8,19.8,2.1,109.2,9.9,,,,,,,,,,
1323,3,43.2,31.95,2.1,111.2,11.1,,,,,,,,,,
1324,5.1,40.95,4.05,6.9,113.2,3.9,,,,,,,,,,
1325,3.9,58.95,1.8,8.1,131.2,5.1,,,,,,,,,,
1326,6,76.05,34.2,3,140,9.9,,,,,,,,,,
1327,2.1,45,1.8,2.1,114.8,2.1,,,,,,,,,,
1328,3.9,45.9,18,3.9,117.2,6.9,,,,,,,,,,
1329,3,27.9,19.8,5.1,100.8,6.9,,,,,,,,,,
1330,2.1,37.8,23.85,3,109.2,6.9,,,,,,,,,,
1331,6,39.15,16.2,3,108.8,6.9,,,,,,,,,,
1332,5.1,45,9.9,6.9,120.8,5.1,,,,,,,,,,
1333,0.9,55.8,5.85,0.9,124,3,,,,,,,,,,
1334,6,50.85,16.2,5.1,117.2,9,,,,,,,,,,
1335,5.1,67.95,0,6,139.2,0,,,,,,,,,,
1336,3,45.9,27.9,5.1,116,8.1,,,,,,,,,,
1337,3.9,67.95,13.95,2.1,131.2,5.1,,,,,,,,,,
1338,3.9,44.1,27.9,3.9,112.8,11.1,,,,,,,,,,
1339,3.9,35.1,9.9,5.1,106.8,5.1,,,,,,,,,,
1340,3,40.95,36,2.1,106.8,12,,,,,,,,,,
1341,3,71.1,13.95,0.9,137.2,6,,,,,,,,,,
1342,3,32.85,22.05,3.9,104.8,8.1,,,,,,,,,,
1343,0.9,49.05,9.9,2.1,123.2,5.1,,,,,,,,,,
1344,2.1,49.95,4.05,0.9,120,2.1,,,,,,,,,,
1345,3,66.15,22.05,6,125.2,8.1,,,,,,,,,,
1346,6.9,71.1,1.8,9.9,133.2,3,,,,,,,,,,
1347,2.1,45,0,3,117.2,0,,,,,,,,,,
1348,3,62.1,23.85,3,124,8.1,,,,,,,,,,
1349,2.1,43.2,34.2,5.1,107.2,14.1,,,,,,,,,,
1350,2.1,67.05,12.15,2.1,130,3,,,,,,,,,,
1351,3,35.1,19.8,3.9,103.2,9,,,,,,,,,,
1352,2.1,52.2,0,3.9,126,3.9,,,,,,,,,,
1353,3.9,58.95,5.85,5.1,128.8,5.1,,,,,,,,,,
1354,5.1,58.05,0,3,131.2,0.9,,,,,,,,,,
1355,2.1,57.15,1.8,3,126,3,,,,,,,,,,
1356,3,45.9,18,5.1,116,8.1,,,,,,,,,,
1357,6.9,57.15,12.15,8.1,126.8,6.9,,,,,,,,,,
1358,0.9,54.9,1.8,3,123.2,2.1,,,,,,,,,,
1359,3.9,49.05,18,6,120.8,5.1,,,,,,,,,,
1360,6,44.1,4.05,5.1,117.2,3.9,,,,,,,,,,
1361,3,34.2,1.8,2.1,108.8,3,,,,,,,,,,
1362,3.9,63,19.8,2.1,128.8,8.1,,,,,,,,,,
1363,5.1,40.05,18,2.1,106.8,8.1,,,,,,,,,,
1364,2.1,49.95,12.15,3,114.8,3,,,,,,,,,,
1365,0.9,54,31.95,3,121.2,11.1,,,,,,,,,,
1366,6.9,44.1,26.1,3.9,108,9.9,,,,,,,,,,
1367,0.9,54.9,13.95,0.9,123.2,3.9,,,,,,,,,,
1368,2.1,48.15,4.05,3,120.8,3,,,,,,,,,,
1369,3.9,54,0,5.1,117.2,2.1,,,,,,,,,,
1370,6,61.2,22.05,3.9,124.8,9.9,,,,,,,,,,
1371,2.1,62.1,0,2.1,128,0.9,,,,,,,,,,
1372,2.1,39.15,23.85,5.1,112.8,9,,,,,,,,,,
1373,3,54.9,13.95,3,121.2,6.9,,,,,,,,,,
1374,3.9,49.05,34.2,3,112,12,,,,,,,,,,
1375,5.1,64.8,5.85,5.1,128,5.1,,,,,,,,,,
1376,6.9,39.15,5.85,6,111.2,3,,,,,,,,,,
1377,6.9,48.15,0,11.1,119.2,3,,,,,,,,,,
1378,0.9,48.15,0,3,120,2.1,,,,,,,,,,
1379,2.1,68.85,30.15,2.1,134,12,,,,,,,,,,
1380,2.1,57.15,5.85,3.9,122.8,3,,,,,,,,,,
1381,6,31.05,19.8,6,103.2,12,,,,,,,,,,
1382,2.1,50.85,13.95,2.1,122,5.1,,,,,,,,,,
1383,8.1,54,23.85,9.9,122.8,9,,,,,,,,,,
1384,2.1,40.95,26.1,3,109.2,9,,,,,,,,,,
1385,3,55.8,19.8,3,115.2,8.1,,,,,,,,,,
1386,3.9,55.8,9.9,3.9,125.2,5.1,,,,,,,,,,
1387,3.9,50.85,4.05,6.9,123.2,0.9,,,,,,,,,,
1388,3.9,66.15,0,2.1,132,2.1,,,,,,,,,,
1389,3.9,40.05,26.1,6,112.8,9,,,,,,,,,,
1390,5.1,37.8,8.1,3.9,112,3,,,,,,,,,,
1391,0.9,40.05,13.95,2.1,112,8.1,,,,,,,,,,
1392,5.1,43.2,0,6,111.2,0.9,,,,,,,,,,
1393,5.1,37.8,4.05,2.1,106.8,3.9,,,,,,,,,,
1394,3,46.8,9.9,2.1,116,3.9,,,,,,,,,,
1395,6,45.9,19.8,6.9,113.2,9,,,,,,,,,,
1396,0.9,45.9,26.1,3,114,12.9,,,,,,,,,,
1397,6,49.05,12.15,6,122,6,,,,,,,,,,
1398,5.1,54,8.1,3,120,3.9,,,,,,,,,,
1399,0.9,19.8,5.85,3,101.2,2.1,,,,,,,,,,
1400,5.1,58.95,26.1,0.9,123.2,9,,,,,,,,,,
1401,2.1,44.1,12.15,5.1,114.8,3.9,,,,,,,,,,
1402,2.1,44.1,5.85,3,118,6.9,,,,,,,,,,
1403,3.9,64.8,8.1,3.9,130.8,6,,,,,,,,,,
1404,6,52.2,9.9,3.9,123.2,3,,,,,,,,,,
1405,3.9,46.8,12.15,3,113.2,9,,,,,,,,,,
1406,2.1,54,0,3,125.2,3,,,,,,,,,,
1407,3,57.15,8.1,5.1,124.8,5.1,,,,,,,,,,
1408,0.9,63,18,3,126.8,8.1,,,,,,,,,,
1409,6,48.15,31.95,5.1,114.8,9.9,,,,,,,,,,
1410,3.9,18.9,8.1,5.1,99.2,8.1,,,,,,,,,,
1411,6.9,31.05,4.05,3.9,108.8,2.1,,,,,,,,,,
1412,0.9,58.95,19.8,3,128,8.1,,,,,,,,,,
1413,3,72.9,0,3,138,0.9,,,,,,,,,,
1414,6,46.8,9.9,3,112,3.9,,,,,,,,,,
1415,3,36.9,36,5.1,108,12,,,,,,,,,,
1416,3.9,49.05,16.2,2.1,121.2,5.1,,,,,,,,,,
1417,3,64.8,41.85,5.1,126,14.1,,,,,,,,,,
1418,3.9,58.95,0,6.9,130,0.9,,,,,,,,,,
1419,2.1,64.8,5.85,3,128,3.9,,,,,,,,,,
1420,3.9,67.95,13.95,5.1,129.2,6.9,,,,,,,,,,
1421,5.1,64.8,8.1,3.9,129.2,3.9,,,,,,,,,,
1422,5.1,44.1,19.8,3.9,113.2,8.1,,,,,,,,,,
1423,2.1,36,9.9,0.9,103.2,6,,,,,,,,,,
1424,6,50.85,1.8,6,120,0.9,,,,,,,,,,
1425,6,63.9,4.05,3,129.2,3,,,,,,,,,,
1426,3,41.85,13.95,3.9,112,6,,,,,,,,,,
1427,3,36.9,16.2,5.1,109.2,6,,,,,,,,,,
1428,5.1,55.8,1.8,3.9,125.2,3.9,,,,,,,,,,
1429,3,63.9,9.9,3.9,132,6,,,,,,,,,,
1430,3.9,52.2,0,5.1,126.8,3,,,,,,,,,,
1431,2.1,58.05,8.1,2.1,124.8,3,,,,,,,,,,
1432,3,45.9,0,3,118.8,0.9,,,,,,,,,,
1433,6,49.95,19.8,2.1,120.8,8.1,,,,,,,,,,
1434,3.9,35.1,9.9,3.9,110,8.1,,,,,,,,,,
1435,3.9,70.2,8.1,6,135.2,3,,,,,,,,,,
1436,0.9,67.05,1.8,0,132.8,3,,,,,,,,,,
1437,3,61.2,19.8,3,122,6,,,,,,,,,,
1438,6.9,46.8,5.85,6.9,116,5.1,,,,,,,,,,
1439,5.1,48.15,1.8,8.1,118,3.9,,,,,,,,,,
1440,0.9,30.15,18,0.9,104,6,,,,,,,,,,
1441,3,76.95,1.8,3,138.8,3,,,,,,,,,,
1442,2.1,37.8,19.8,3,107.2,8.1,,,,,,,,,,
1443,2.1,53.1,19.8,3.9,124.8,9,,,,,,,,,,
1444,3.9,58.95,22.05,3,122.8,9,,,,,,,,,,
1445,3.9,44.1,8.1,3,113.2,5.1,,,,,,,,,,
1446,6,27.9,0,2.1,102,0,,,,,,,,,,
1447,3.9,58.05,23.85,3.9,122.8,6.9,,,,,,,,,,
1448,3,48.15,0,3,121.2,3.9,,,,,,,,,,
1449,3.9,58.05,19.8,6.9,121.2,6.9,,,,,,,,,,
1450,0.9,72,1.8,3,138.8,3,,,,,,,,,,
1451,3,66.15,13.95,6,125.2,9,,,,,,,,,,
1452,2.1,40.05,0,2.1,112,2.1,,,,,,,,,,
1453,0.9,58.95,13.95,0.9,126.8,3.9,,,,,,,,,,
1454,3,64.8,22.05,2.1,134.8,6.9,,,,,,,,,,
1455,6.9,53.1,1.8,3.9,124,3,,,,,,,,,,
1456,3,46.8,16.2,2.1,115.2,6.9,,,,,,,,,,
1457,3,48.15,18,2.1,110,6.9,,,,,,,,,,
1458,2.1,52.2,12.15,3,117.2,5.1,,,,,,,,,,
1459,5.1,76.05,4.05,3.9,140.8,3.9,,,,,,,,,,
1460,3,45,16.2,3.9,111.2,9,,,,,,,,,,
1461,5.1,67.05,12.15,6.9,133.2,5.1,,,,,,,,,,
1462,2.1,43.2,23.85,2.1,112.8,6.9,,,,,,,,,,
1463,2.1,55.8,26.1,3,121.2,9,,,,,,,,,,
1464,2.1,71.1,22.05,3,133.2,6.9,,,,,,,,,,
1465,3.9,58.05,0,6.9,126.8,2.1,,,,,,,,,,
1466,3,66.15,16.2,5.1,133.2,5.1,,,,,,,,,,
1467,6,46.8,12.15,6,116,8.1,,,,,,,,,,
1468,2.1,50.85,27.9,3,115.2,9,,,,,,,,,,
1469,0.9,52.2,18,2.1,121.2,6.9,,,,,,,,,,
1470,3,63,9.9,2.1,129.2,3,,,,,,,,,,
1471,3,54,9.9,0.9,122.8,8.1,,,,,,,,,,
1472,0.9,81.9,9.9,3,142.8,3.9,,,,,,,,,,
1473,6.9,40.95,22.05,9,112.8,9,,,,,,,,,,
1474,3,52.2,8.1,2.1,120,2.1,,,,,,,,,,
1475,2.1,34.2,8.1,2.1,107.2,3.9,,,,,,,,,,
1476,6,85.05,0,3.9,144,0.9,,,,,,,,,,
1477,5.1,53.1,4.05,6,124.8,2.1,,,,,,,,,,
1478,3,66.15,22.05,3,130.8,8.1,,,,,,,,,,
1479,5.1,39.15,8.1,3.9,112,6,,,,,,,,,,
1480,6,61.2,8.1,3.9,126.8,5.1,,,,,,,,,,
1481,5.1,71.1,0,5.1,136,2.1,,,,,,,,,,
1482,3,67.05,0,2.1,134.8,3,,,,,,,,,,
1483,3.9,53.1,5.85,0.9,119.2,5.1,,,,,,,,,,
1484,3,63.9,19.8,3,130.8,6,,,,,,,,,,
1485,2.1,58.05,31.95,2.1,123.2,11.1,,,,,,,,,,
1486,3.9,48.15,1.8,2.1,114,2.1,,,,,,,,,,
1487,5.1,71.1,12.15,6,131.2,6,,,,,,,,,,
1488,3,73.8,8.1,6.9,139.2,6,,,,,,,,,,
1489,0.9,44.1,8.1,3,115.2,3,,,,,,,,,,
1490,3,58.95,16.2,2.1,122.8,8.1,,,,,,,,,,
1491,6,46.8,5.85,5.1,117.2,2.1,,,,,,,,,,
1492,8.1,49.95,9.9,0.9,120,6.9,,,,,,,,,,
1493,6.9,64.8,4.05,6,131.2,2.1,,,,,,,,,,
1494,3,34.2,16.2,3.9,107.2,9,,,,,,,,,,
1495,5.1,67.05,19.8,3,134.8,8.1,,,,,,,,,,
1496,3.9,39.15,1.8,3,114,0.9,,,,,,,,,,
1497,5.1,79.2,9.9,5.1,141.2,6,,,,,,,,,,
1498,5.1,64.8,16.2,6.9,128.8,6.9,,,,,,,,,,
1499,3,61.2,0,5.1,127.2,0,,,,,,,,,,
1500,2.1,36,31.95,3,102,12,,,,,,,,,,
1501,3,63.9,22.05,3,130.8,8.1,,,,,,,,,,
1502,3.9,36,4.05,6,110.8,0.9,,,,,,,,,,
1503,2.1,55.8,5.85,5.1,129.2,5.1,,,,,,,,,,
1504,3,54,1.8,3,122,3.9,,,,,,,,,,
1505,5.1,59.85,34.2,3.9,124,15.9,,,,,,,,,,
1506,3,40.05,13.95,5.1,109.2,8.1,,,,,,,,,,
1507,6,62.1,31.95,6.9,129.2,11.1,,,,,,,,,,
1508,6,45.9,4.05,3.9,120,3,,,,,,,,,,
1509,0.9,64.8,18,0.9,133.2,6.9,,,,,,,,,,
1510,3.9,52.2,26.1,6.9,119.2,9,,,,,,,,,,
1511,3,76.95,16.2,6,144.8,6,,,,,,,,,,
1512,5.1,73.8,9.9,6.9,134.8,3,,,,,,,,,,
1513,6,27,36,6,100.8,14.1,,,,,,,,,,
1514,3.9,40.95,9.9,0.9,109.2,3.9,,,,,,,,,,
1515,3,62.1,1.8,5.1,128,3,,,,,,,,,,
1516,6.9,54,0,6,119.2,2.1,,,,,,,,,,
1517,3.9,59.85,30.15,2.1,117.2,12,,,,,,,,,,
1518,6,55.8,0,6,120,2.1,,,,,,,,,,
1519,3,54.9,0,0.9,126,0.9,,,,,,,,,,
1520,3.9,40.05,13.95,2.1,110.8,8.1,,,,,,,,,,
1521,6.9,50.85,1.8,8.1,118.8,2.1,,,,,,,,,,
1522,0.9,50.85,0,2.1,123.2,0,,,,,,,,,,
1523,3,31.05,1.8,5.1,100.8,3,,,,,,,,,,
1524,3,46.8,0,6,120.8,2.1,,,,,,,,,,
1525,2.1,50.85,18,3.9,114,6.9,,,,,,,,,,
1526,3,45,0,3,119.2,0.9,,,,,,,,,,
1527,3,52.2,19.8,0.9,121.2,9,,,,,,,,,,
1528,2.1,44.1,18,3,116,8.1,,,,,,,,,,
1529,0.9,72,18,2.1,137.2,11.1,,,,,,,,,,
1530,3,61.2,26.1,2.1,123.2,9.9,,,,,,,,,,
1531,6,31.05,5.85,9,104.8,3.9,,,,,,,,,,
1532,5.1,30.15,19.8,3.9,95.2,6.9,,,,,,,,,,
1533,2.1,53.1,16.2,0.9,123.2,6,,,,,,,,,,
1534,3,31.05,8.1,3.9,105.2,6,,,,,,,,,,
1535,3,62.1,18,6.9,129.2,6,,,,,,,,,,
1536,3.9,50.85,13.95,3,119.2,6,,,,,,,,,,
1537,5.1,58.05,8.1,2.1,121.2,6.9,,,,,,,,,,
1538,5.1,32.85,9.9,3.9,102.8,3,,,,,,,,,,
1539,3.9,58.95,22.05,3.9,122,6.9,,,,,,,,,,
1540,3,40.95,0,3,112.8,2.1,,,,,,,,,,
1541,3,35.1,0,5.1,108.8,2.1,,,,,,,,,,
1542,3.9,46.8,9.9,6.9,118.8,6,,,,,,,,,,
1543,3.9,58.05,5.85,5.1,124.8,3,,,,,,,,,,
1544,2.1,32.85,9.9,3,105.2,5.1,,,,,,,,,,
1545,3,40.95,13.95,3.9,112,5.1,,,,,,,,,,
1546,5.1,57.15,4.05,6,126,3.9,,,,,,,,,,
1547,5.1,49.95,0,3,116,2.1,,,,,,,,,,
1548,3.9,41.85,4.05,3,114,2.1,,,,,,,,,,
1549,3,52.2,36,5.1,122,12.9,,,,,,,,,,
1550,3.9,54.9,16.2,3.9,118.8,6,,,,,,,,,,
1551,0.9,45,1.8,0.9,115.2,0,,,,,,,,,,
1552,3,48.15,0,3,120,3,,,,,,,,,,
1553,2.1,54.9,0,5.1,124.8,2.1,,,,,,,,,,
1554,3.9,67.95,26.1,5.1,134,9.9,,,,,,,,,,
1555,3.9,57.15,5.85,6.9,123.2,3,,,,,,,,,,
1556,2.1,43.2,13.95,2.1,116,5.1,,,,,,,,,,
1557,3,40.95,13.95,5.1,116,8.1,,,,,,,,,,
1558,3,72,4.05,0.9,140,5.1,,,,,,,,,,
1559,0.9,58.05,30.15,0.9,122.8,11.1,,,,,,,,,,
1560,5.1,63,5.85,3,125.2,2.1,,,,,,,,,,
1561,3,75.15,0,3,139.2,2.1,,,,,,,,,,
1562,2.1,41.85,9.9,3,110.8,8.1,,,,,,,,,,
1563,6.9,35.1,5.85,3,111.2,3.9,,,,,,,,,,
1564,0.9,36.9,12.15,0,110.8,6.9,,,,,,,,,,
1565,0,57.15,40.05,0,122,14.1,,,,,,,,,,
1566,2.1,59.85,27.9,5.1,128.8,8.1,,,,,,,,,,
1567,3.9,46.8,8.1,2.1,116.8,3,,,,,,,,,,
1568,3,62.1,22.05,3.9,120.8,9,,,,,,,,,,
1569,0,49.05,8.1,0.9,120,3.9,,,,,,,,,,
1570,6,72.9,9.9,9,134,6,,,,,,,,,,
1571,3,55.8,12.15,2.1,118,6.9,,,,,,,,,,
1572,6.9,41.85,22.05,6,114.8,8.1,,,,,,,,,,
1573,3.9,71.1,0,3.9,139.2,6,,,,,,,,,,
1574,5.1,48.15,18,3.9,118,9,,,,,,,,,,
1575,3,31.95,16.2,2.1,106,6,,,,,,,,,,
1576,2.1,50.85,0,3.9,123.2,0.9,,,,,,,,,,
1577,5.1,63.9,36,3,129.2,12,,,,,,,,,,
1578,3.9,68.85,4.05,3.9,135.2,3.9,,,,,,,,,,
1579,3,34.2,9.9,3,106,6.9,,,,,,,,,,
1580,0.9,59.85,0,3,126.8,3,,,,,,,,,,
1581,9,40.95,9.9,6,117.2,6,,,,,,,,,,
1582,3.9,72,0,3.9,142,0,,,,,,,,,,
1583,6.9,68.85,36,9.9,136,15,,,,,,,,,,
1584,3,31.05,23.85,6,104,12,,,,,,,,,,
1585,6.9,53.1,18,3.9,124.8,8.1,,,,,,,,,,
1586,2.1,81,30.15,5.1,136.8,14.1,,,,,,,,,,
1587,6,61.2,4.05,2.1,129.2,5.1,,,,,,,,,,
1588,5.1,28.8,13.95,6,101.2,12,,,,,,,,,,
1589,0.9,62.1,0,2.1,131.2,0.9,,,,,,,,,,
1590,2.1,39.15,26.1,2.1,107.2,9.9,,,,,,,,,,
1591,2.1,67.05,22.05,3.9,126,9.9,,,,,,,,,,
1592,6,40.95,8.1,6,108.8,3,,,,,,,,,,
1593,3,39.15,0,3,110.8,6,,,,,,,,,,
1594,3.9,66.15,30.15,3.9,128.8,12,,,,,,,,,,
1595,0.9,46.8,22.05,0.9,118.8,9.9,,,,,,,,,,
1596,0.9,44.1,30.15,2.1,116,9,,,,,,,,,,
1597,0.9,32.85,0,0.9,106.8,0,,,,,,,,,,
1598,3,49.95,18,3,114,6.9,,,,,,,,,,
1599,0,52.2,13.95,0.9,122.8,6,,,,,,,,,,
1600,3.9,70.2,16.2,0.9,127.2,12,,,,,,,,,,
1601,2.1,62.1,30.15,3,127.2,15,,,,,,,,,,
1602,2.1,41.85,19.8,2.1,112,12,,,,,,,,,,
1603,3.9,79.2,36,3.9,142,14.1,,,,,,,,,,
1604,3.9,58.95,37.8,3,120.8,12.9,,,,,,,,,,
1605,6,50.85,19.8,5.1,124,11.1,,,,,,,,,,
1606,5.1,73.8,16.2,3,137.2,6,,,,,,,,,,
1607,3,57.15,26.1,3,121.2,11.1,,,,,,,,,,
1608,2.1,58.05,8.1,2.1,127.2,3,,,,,,,,,,
1609,3,71.1,5.85,3,134.8,3.9,,,,,,,,,,
1610,2.1,43.2,12.15,5.1,113.2,5.1,,,,,,,,,,
1611,2.1,45.9,16.2,3,116.8,5.1,,,,,,,,,,
1612,6,58.05,8.1,5.1,124.8,6,,,,,,,,,,
1613,6,44.1,4.05,3.9,110.8,2.1,,,,,,,,,,
1614,3.9,58.95,18,3.9,125.2,9.9,,,,,,,,,,
1615,3.9,64.8,4.05,6,126.8,0.9,,,,,,,,,,
1616,3.9,28.8,0,3.9,104.8,3.9,,,,,,,,,,
1617,3,63,4.05,5.1,132.8,0.9,,,,,,,,,,
1618,3.9,61.2,0,2.1,126.8,3.9,,,,,,,,,,
1619,5.1,54.9,27.9,6,120.8,9.9,,,,,,,,,,
1620,3.9,49.05,23.85,3,114,11.1,,,,,,,,,,
1621,6.9,63,22.05,3,126.8,9,,,,,,,,,,
1622,2.1,45.9,5.85,3.9,112.8,3.9,,,,,,,,,,
1623,6,58.05,13.95,6,124,8.1,,,,,,,,,,
1624,3,50.85,16.2,6,122.8,6.9,,,,,,,,,,
1625,0.9,55.8,31.95,2.1,120.8,11.1,,,,,,,,,,
1626,5.1,64.8,31.95,2.1,127.2,12,,,,,,,,,,
1627,6,52.2,16.2,6,114.8,5.1,,,,,,,,,,
1628,5.1,40.95,8.1,6.9,108,6,,,,,,,,,,
1629,8.1,70.2,18,3.9,129.2,6.9,,,,,,,,,,
1630,3.9,46.8,0,5.1,112.8,0.9,,,,,,,,,,
1631,0.9,48.15,9.9,2.1,118,3.9,,,,,,,,,,
1632,6,31.95,0,3.9,106.8,0.9,,,,,,,,,,
1633,5.1,54.9,9.9,3.9,122,3,,,,,,,,,,
1634,3.9,72.9,0,3,137.2,3,,,,,,,,,,
1635,2.1,54,0,2.1,122,3.9,,,,,,,,,,
1636,0.9,72.9,1.8,0.9,134,2.1,,,,,,,,,,
1637,0.9,70.2,4.05,3,136,3,,,,,,,,,,
1638,5.1,59.85,1.8,5.1,127.2,0.9,,,,,,,,,,
1639,2.1,27.9,1.8,2.1,102,3.9,,,,,,,,,,
1640,2.1,63,26.1,3,128,11.1,,,,,,,,,,
1641,3,49.95,13.95,3.9,126,6.9,,,,,,,,,,
1642,2.1,41.85,0,3,112.8,2.1,,,,,,,,,,
1643,3,21.15,16.2,3.9,93.2,9.9,,,,,,,,,,
1644,0.9,61.2,4.05,3,126.8,3,,,,,,,,,,
1645,0.9,54.9,13.95,2.1,122.8,3.9,,,,,,,,,,
1646,3,48.15,0,0.9,120,2.1,,,,,,,,,,
1647,6,43.2,0,9,117.2,2.1,,,,,,,,,,
1648,6.9,44.1,4.05,8.1,118,3.9,,,,,,,,,,
1649,3.9,53.1,5.85,3.9,120.8,3.9,,,,,,,,,,
1650,2.1,37.8,0,3.9,104.8,3.9,,,,,,,,,,
1651,5.1,31.95,13.95,8.1,96.8,5.1,,,,,,,,,,
1652,6,49.95,8.1,5.1,120.8,8.1,,,,,,,,,,
1653,0.9,54,30.15,0,123.2,11.1,,,,,,,,,,
1654,6.9,31.05,13.95,6,102,3.9,,,,,,,,,,
1655,3.9,75.15,22.05,5.1,136,6.9,,,,,,,,,,
1656,6,49.05,48.15,5.1,112,15.9,,,,,,,,,,
1657,5.1,64.8,26.1,6.9,130.8,9.9,,,,,,,,,,
1658,5.1,58.05,16.2,5.1,124.8,6,,,,,,,,,,
1659,3.9,41.85,8.1,6,114.8,3.9,,,,,,,,,,
1660,3.9,36.9,23.85,6,103.2,8.1,,,,,,,,,,
1661,2.1,44.1,23.85,2.1,114.8,8.1,,,,,,,,,,
1662,5.1,59.85,0,5.1,132.8,0.9,,,,,,,,,,
1663,9,39.15,23.85,6,108.8,9.9,,,,,,,,,,
1664,2.1,44.1,18,3.9,115.2,12,,,,,,,,,,
1665,5.1,70.2,8.1,3.9,138,6.9,,,,,,,,,,
1666,2.1,85.05,9.9,3,144.8,5.1,,,,,,,,,,
1667,5.1,41.85,1.8,5.1,109.2,2.1,,,,,,,,,,
1668,2.1,45.9,5.85,0.9,117.2,6,,,,,,,,,,
1669,3.9,45.9,8.1,2.1,118,3.9,,,,,,,,,,
1670,5.1,48.15,1.8,3.9,120,3,,,,,,,,,,
1671,3.9,45,13.95,3,112.8,6,,,,,,,,,,
1672,6,53.1,26.1,5.1,120.8,11.1,,,,,,,,,,
1673,2.1,49.05,19.8,0,117.2,8.1,,,,,,,,,,
1674,6,52.2,0,6.9,121.2,3,,,,,,,,,,
1675,6.9,57.15,16.2,6,124,5.1,,,,,,,,,,
1676,3,57.15,23.85,3,124,11.1,,,,,,,,,,
1677,2.1,46.8,1.8,5.1,112,3.9,,,,,,,,,,
1678,2.1,49.05,8.1,3.9,114.8,6,,,,,,,,,,
1679,3,54,9.9,5.1,120,3.9,,,,,,,,,,
1680,3,62.1,16.2,2.1,128,8.1,,,,,,,,,,
1681,3,48.15,4.05,0,114.8,5.1,,,,,,,,,,
1682,3,39.15,13.95,3.9,109.2,5.1,,,,,,,,,,
1683,3,36.9,31.95,3.9,108.8,9.9,,,,,,,,,,
1684,5.1,40.95,30.15,2.1,106,12,,,,,,,,,,
1685,3,50.85,8.1,2.1,121.2,2.1,,,,,,,,,,
1686,6,46.8,23.85,2.1,113.2,9,,,,,,,,,,
1687,3.9,49.95,16.2,5.1,114,6,,,,,,,,,,
1688,3,35.1,13.95,6,106,8.1,,,,,,,,,,
1689,3.9,52.2,1.8,3.9,114.8,3,,,,,,,,,,
1690,3.9,45,13.95,5.1,112.8,6.9,,,,,,,,,,
1691,3,58.95,5.85,2.1,124,5.1,,,,,,,,,,
1692,2.1,58.95,18,3,118.8,9,,,,,,,,,,
1693,3,58.05,5.85,3,127.2,5.1,,,,,,,,,,
1694,3,63,0,5.1,134.8,3,,,,,,,,,,
1695,3,68.85,0,3.9,134,0,,,,,,,,,,
1696,2.1,36.9,26.1,0,110.8,12,,,,,,,,,,
1697,3,58.05,19.8,3,122,6,,,,,,,,,,
1698,3.9,54.9,22.05,3.9,125.2,9,,,,,,,,,,
1699,5.1,45.9,0,3.9,113.2,0.9,,,,,,,,,,
1700,3.9,67.05,22.05,5.1,127.2,12.9,,,,,,,,,,
1701,2.1,34.2,31.95,3,100.8,14.1,,,,,,,,,,
1702,3,45.9,0,5.1,114,0,,,,,,,,,,
1703,3,45.9,23.85,3,113.2,8.1,,,,,,,,,,
1704,2.1,45,19.8,2.1,110,6.9,,,,,,,,,,
1705,3,53.1,0,0,123.2,2.1,,,,,,,,,,
1706,3,61.2,8.1,5.1,136,3.9,,,,,,,,,,
1707,9,54.9,13.95,6.9,123.2,6,,,,,,,,,,
1708,2.1,44.1,12.15,3,110,8.1,,,,,,,,,,
1709,6,41.85,22.05,3,114,9.9,,,,,,,,,,
1710,3,57.15,8.1,5.1,121.2,3.9,,,,,,,,,,
1711,3,44.1,23.85,3,114,9.9,,,,,,,,,,
1712,5.1,45.9,16.2,3.9,115.2,6.9,,,,,,,,,,
1713,3.9,35.1,0,6,102,0.9,,,,,,,,,,
1714,5.1,28.8,34.2,6,103.2,11.1,,,,,,,,,,
1715,5.1,37.8,12.15,9,108.8,5.1,,,,,,,,,,
1716,6,45,9.9,2.1,112.8,6,,,,,,,,,,
1717,6,58.05,27.9,2.1,116.8,8.1,,,,,,,,,,
1718,3,59.85,22.05,3,127.2,11.1,,,,,,,,,,
1719,6,58.95,8.1,6.9,126.8,5.1,,,,,,,,,,
1720,2.1,39.15,16.2,2.1,116,6,,,,,,,,,,
1721,5.1,68.85,1.8,6,131.2,3.9,,,,,,,,,,
1722,2.1,31.95,18,2.1,102,8.1,,,,,,,,,,
1723,3.9,43.2,1.8,3.9,115.2,2.1,,,,,,,,,,
1724,3,54,12.15,3,116.8,5.1,,,,,,,,,,
1725,6.9,67.05,18,6,129.2,6,,,,,,,,,,
1726,5.1,68.85,4.05,3.9,135.2,3,,,,,,,,,,
1727,5.1,36.9,23.85,5.1,104,6.9,,,,,,,,,,
1728,0.9,58.05,18,3,124,9,,,,,,,,,,
1729,6,49.05,5.85,3.9,118,6,,,,,,,,,,
1730,6,62.1,0,3.9,133.2,0,,,,,,,,,,
1731,3,79.2,0,2.1,142.8,0.9,,,,,,,,,,
1732,3,50.85,18,3,118.8,6.9,,,,,,,,,,
1733,6,46.8,8.1,5.1,115.2,6,,,,,,,,,,
1734,3.9,52.2,19.8,3,120,6,,,,,,,,,,
1735,3,80.1,0,0.9,144,3,,,,,,,,,,
1736,2.1,40.95,30.15,3.9,108.8,11.1,,,,,,,,,,
1737,0.9,72,18,0.9,132.8,9.9,,,,,,,,,,
1738,3,40.05,12.15,3,109.2,3,,,,,,,,,,
1739,2.1,63,12.15,2.1,128,5.1,,,,,,,,,,
1740,6,63,1.8,8.1,128.8,0,,,,,,,,,,
1741,3,30.15,4.05,2.1,104.8,2.1,,,,,,,,,,
1742,6.9,36.9,0,6.9,110.8,8.1,,,,,,,,,,
1743,5.1,71.1,9.9,2.1,137.2,6,,,,,,,,,,
1744,3.9,49.05,8.1,3.9,114.8,5.1,,,,,,,,,,
1745,3,63,26.1,2.1,126.8,9.9,,,,,,,,,,
1746,0.9,34.2,5.85,0.9,103.2,3,,,,,,,,,,
1747,3.9,41.85,1.8,3,112.8,5.1,,,,,,,,,,
1748,2.1,58.95,19.8,3,128,8.1,,,,,,,,,,
1749,3,48.15,13.95,3.9,119.2,5.1,,,,,,,,,,
1750,3.9,36.9,8.1,6,106,3.9,,,,,,,,,,
1751,6.9,52.2,37.8,8.1,118.8,12.9,,,,,,,,,,
1752,6,45.9,8.1,0.9,118.8,6.9,,,,,,,,,,
1753,2.1,70.2,9.9,3,137.2,5.1,,,,,,,,,,
1754,3.9,45,0,3.9,120.8,3,,,,,,,,,,
1755,5.1,49.05,0,9,118.8,0,,,,,,,,,,
1756,2.1,67.95,13.95,3.9,132.8,5.1,,,,,,,,,,
1757,3.9,72.9,4.05,3,140,8.1,,,,,,,,,,
1758,3.9,41.85,27.9,5.1,112.8,12.9,,,,,,,,,,
1759,3,63.9,9.9,6.9,126,3,,,,,,,,,,
1760,6,44.1,16.2,6,112,9,,,,,,,,,,
1761,3.9,53.1,13.95,3.9,122,6.9,,,,,,,,,,
1762,3.9,43.2,22.05,6,108,6,,,,,,,,,,
1763,0,49.95,12.15,0.9,119.2,6.9,,,,,,,,,,
1764,2.1,50.85,30.15,2.1,118,12,,,,,,,,,,
1765,3,49.05,13.95,3.9,122,6.9,,,,,,,,,,
1766,5.1,81,0,3,145.2,0,,,,,,,,,,
1767,2.1,26.1,1.8,3.9,98.8,5.1,,,,,,,,,,
1768,6.9,39.15,0,3.9,111.2,0,,,,,,,,,,
1769,3,57.15,16.2,5.1,122.8,5.1,,,,,,,,,,
1770,2.1,45,16.2,5.1,113.2,5.1,,,,,,,,,,
1771,3.9,59.85,13.95,0.9,124.8,3.9,,,,,,,,,,
1772,5.1,28.8,1.8,3.9,104,3.9,,,,,,,,,,
1773,3.9,49.05,4.05,6.9,119.2,5.1,,,,,,,,,,
1774,3.9,67.05,0,5.1,134.8,3,,,,,,,,,,
1775,5.1,46.8,34.2,3,116.8,12,,,,,,,,,,
1776,2.1,46.8,30.15,5.1,114.8,12.9,,,,,,,,,,
1777,2.1,45.9,0,3,116,2.1,,,,,,,,,,
1778,6,55.8,12.15,5.1,122,5.1,,,,,,,,,,
1779,3,40.05,30.15,0.9,104.8,9.9,,,,,,,,,,
1780,3,54.9,0,3.9,124,3,,,,,,,,,,
1781,6.9,53.1,19.8,6,125.2,9,,,,,,,,,,
1782,3.9,61.2,0,3.9,131.2,3,,,,,,,,,,
1783,0.9,70.2,37.8,3,132,12.9,,,,,,,,,,
1784,5.1,37.8,13.95,3.9,106,6,,,,,,,,,,
1785,3.9,45.9,4.05,6.9,118.8,3,,,,,,,,,,
1786,6.9,52.2,4.05,6,121.2,2.1,,,,,,,,,,
1787,3.9,40.05,8.1,2.1,106.8,3.9,,,,,,,,,,
1788,2.1,67.05,9.9,5.1,128.8,6.9,,,,,,,,,,
1789,3,82.8,0,3,148,0,,,,,,,,,,
1790,0.9,48.15,4.05,3,117.2,0.9,,,,,,,,,,
1791,3,48.15,8.1,3.9,112,3,,,,,,,,,,
1792,2.1,40.95,31.95,2.1,111.2,11.1,,,,,,,,,,
1793,3,49.95,1.8,0.9,124.8,3.9,,,,,,,,,,
1794,2.1,62.1,8.1,3,121.2,3,,,,,,,,,,
1795,6,40.95,23.85,3.9,104.8,11.1,,,,,,,,,,
1796,2.1,35.1,26.1,5.1,104.8,8.1,,,,,,,,,,
1797,0.9,68.85,30.15,3,130,9.9,,,,,,,,,,
1798,3,37.8,22.05,5.1,104,9,,,,,,,,,,
1799,6,50.85,16.2,6,112.8,6,,,,,,,,,,
1800,2.1,43.2,12.15,2.1,112.8,5.1,,,,,,,,,,
1801,5.1,58.05,9.9,6.9,126,3,,,,,,,,,,
1802,6,59.85,0,3.9,127.2,0.9,,,,,,,,,,
1803,3.9,36.9,13.95,5.1,110.8,6,,,,,,,,,,
1804,3,48.15,26.1,2.1,114,9,,,,,,,,,,
1805,2.1,63,30.15,2.1,128.8,12,,,,,,,,,,
1806,2.1,58.95,31.95,3,119.2,12,,,,,,,,,,
1807,3,45,13.95,5.1,118.8,6,,,,,,,,,,
1808,6.9,67.95,16.2,8.1,132.8,8.1,,,,,,,,,,
1809,3.9,48.15,27.9,2.1,119.2,8.1,,,,,,,,,,
1810,5.1,49.05,9.9,5.1,118.8,3,,,,,,,,,,
1811,6.9,49.95,16.2,6,114.8,8.1,,,,,,,,,,
1812,3,40.05,22.05,3.9,110,6,,,,,,,,,,
1813,5.1,49.95,0,6,122.8,3,,,,,,,,,,
1814,3,54.9,9.9,3.9,116.8,3.9,,,,,,,,,,
1815,3.9,41.85,0,0.9,115.2,3,,,,,,,,,,
1816,8.1,50.85,4.05,6.9,117.2,3,,,,,,,,,,
1817,2.1,37.8,0,2.1,113.2,0.9,,,,,,,,,,
1818,6,64.8,0,5.1,128.8,2.1,,,,,,,,,,
1819,3,32.85,44.1,3,96.8,17.1,,,,,,,,,,
1820,0.9,49.95,9.9,2.1,116,5.1,,,,,,,,,,
1821,2.1,54,19.8,3.9,126,6.9,,,,,,,,,,
1822,3,45.9,5.85,3,116.8,5.1,,,,,,,,,,
1823,6.9,67.95,16.2,6.9,130.8,8.1,,,,,,,,,,
1824,2.1,55.8,9.9,3,129.2,6.9,,,,,,,,,,
1825,3.9,41.85,34.2,5.1,111.2,15,,,,,,,,,,
1826,3,49.05,18,3,116.8,6.9,,,,,,,,,,
1827,3.9,61.2,5.85,0.9,125.2,5.1,,,,,,,,,,
1828,6.9,40.95,8.1,6,112.8,3.9,,,,,,,,,,
1829,3.9,62.1,0,3.9,128.8,2.1,,,,,,,,,,
1830,2.1,59.85,30.15,3,122.8,12,,,,,,,,,,
1831,6.9,53.1,9.9,5.1,126.8,3,,,,,,,,,,
1832,5.1,54,9.9,2.1,120.8,3,,,,,,,,,,
1833,3,34.2,19.8,3,104,6.9,,,,,,,,,,
1834,2.1,43.2,12.15,3,113.2,5.1,,,,,,,,,,
1835,0.9,37.8,16.2,0.9,108,5.1,,,,,,,,,,
1836,3,27,9.9,3.9,103.2,6,,,,,,,,,,
1837,3.9,27.9,31.95,5.1,102.8,9.9,,,,,,,,,,
1838,3.9,67.05,5.85,5.1,133.2,2.1,,,,,,,,,,
1839,3.9,44.1,0,8.1,115.2,3.9,,,,,,,,,,
1840,6.9,58.05,26.1,6,120.8,9,,,,,,,,,,
1841,2.1,45.9,23.85,2.1,118.8,9.9,,,,,,,,,,
1842,3,67.05,5.85,0.9,132.8,2.1,,,,,,,,,,
1843,3,70.2,0,2.1,138.8,2.1,,,,,,,,,,
1844,5.1,49.05,19.8,6,117.2,8.1,,,,,,,,,,
1845,2.1,49.95,9.9,3,120,5.1,,,,,,,,,,
1846,3,52.2,13.95,6.9,116.8,3.9,,,,,,,,,,
1847,6,46.8,40.05,9,115.2,12,,,,,,,,,,
1848,5.1,46.8,5.85,8.1,112.8,3.9,,,,,,,,,,
1849,3,50.85,40.05,3,119.2,12,,,,,,,,,,
1850,5.1,71.1,0,8.1,138,2.1,,,,,,,,,,
1851,0.9,58.05,12.15,0.9,118.8,6,,,,,,,,,,
1852,3.9,55.8,23.85,3,124,9,,,,,,,,,,
1853,6.9,49.05,12.15,14.1,110,3.9,,,,,,,,,,
1854,2.1,35.1,12.15,3,110,6.9,,,,,,,,,,
1855,6,49.05,9.9,5.1,116.8,5.1,,,,,,,,,,
1856,2.1,40.95,13.95,3,115.2,5.1,,,,,,,,,,
1857,3,52.2,27.9,2.1,120.8,11.1,,,,,,,,,,
1858,6,54.9,12.15,6.9,122,6,,,,,,,,,,
1859,5.1,67.95,26.1,3,130,8.1,,,,,,,,,,
1860,3,50.85,23.85,3,111.2,9,,,,,,,,,,
1861,3.9,40.95,13.95,3,114.8,3.9,,,,,,,,,,
1862,3,43.2,5.85,3.9,115.2,6,,,,,,,,,,
1863,5.1,45,12.15,2.1,114,3.9,,,,,,,,,,
1864,3.9,54.9,13.95,3,121.2,6,,,,,,,,,,
1865,2.1,46.8,12.15,0.9,117.2,6,,,,,,,,,,
1866,3,40.95,0,3.9,117.2,3,,,,,,,,,,
1867,2.1,49.05,0,2.1,119.2,0,,,,,,,,,,
1868,6,43.2,19.8,6.9,112.8,6.9,,,,,,,,,,
1869,6.9,70.2,0,9,140,0.9,,,,,,,,,,
1870,3.9,43.2,1.8,6,114.8,3.9,,,,,,,,,,
1871,3.9,30.15,13.95,6,100.8,5.1,,,,,,,,,,
1872,3,58.05,9.9,3.9,125.2,6,,,,,,,,,,
1873,3,45,22.05,3.9,117.2,9.9,,,,,,,,,,
1874,6.9,72,0,5.1,140,3,,,,,,,,,,
1875,3.9,49.95,37.8,3.9,121.2,14.1,,,,,,,,,,
1876,3.9,43.2,19.8,3.9,112.8,8.1,,,,,,,,,,
1877,6.9,46.8,0,6,111.2,2.1,,,,,,,,,,
1878,3.9,54,22.05,6,114,9,,,,,,,,,,
1879,5.1,66.15,19.8,5.1,136,6.9,,,,,,,,,,
1880,2.1,64.8,0,2.1,134.8,3,,,,,,,,,,
1881,2.1,49.05,1.8,3.9,118.8,0.9,,,,,,,,,,
1882,5.1,37.8,30.15,5.1,106,9.9,,,,,,,,,,
1883,0.9,63.9,4.05,3,127.2,3,,,,,,,,,,
1884,3,76.95,12.15,6,142,5.1,,,,,,,,,,
1885,3.9,57.15,5.85,2.1,125.2,3,,,,,,,,,,
1886,3,57.15,18,0.9,124,6.9,,,,,,,,,,
1887,3,67.05,9.9,6,132.8,6.9,,,,,,,,,,
1888,3.9,44.1,9.9,3.9,116,5.1,,,,,,,,,,
1889,3.9,39.15,26.1,6.9,102.8,11.1,,,,,,,,,,
1890,3.9,40.95,8.1,3,111.2,3.9,,,,,,,,,,
1891,3,46.8,26.1,2.1,114.8,9,,,,,,,,,,
1892,6,45,18,5.1,113.2,8.1,,,,,,,,,,
1893,3.9,27.9,8.1,6,102,3,,,,,,,,,,
1894,5.1,31.95,1.8,3.9,107.2,2.1,,,,,,,,,,
1895,6,49.05,19.8,8.1,118.8,6.9,,,,,,,,,,
1896,2.1,58.05,19.8,3,120.8,8.1,,,,,,,,,,
1897,3.9,44.1,13.95,2.1,105.2,6.9,,,,,,,,,,
1898,5.1,50.85,5.85,5.1,117.2,3.9,,,,,,,,,,
1899,5.1,72,19.8,6,134.8,6,,,,,,,,,,
1900,3.9,59.85,18,6,128,9,,,,,,,,,,
1901,3,54,12.15,3,118.8,6.9,,,,,,,,,,
1902,3.9,40.05,0,3.9,114,0.9,,,,,,,,,,
1903,2.1,64.8,12.15,0.9,135.2,5.1,,,,,,,,,,
1904,2.1,31.95,0,0.9,104.8,0,,,,,,,,,,
1905,2.1,81.9,13.95,3,148.8,6,,,,,,,,,,
1906,3,43.2,13.95,0.9,106.8,3.9,,,,,,,,,,
1907,3,36,18,3.9,107.2,6,,,,,,,,,,
1908,5.1,48.15,16.2,3,115.2,11.1,,,,,,,,,,
1909,5.1,57.15,16.2,8.1,128,6,,,,,,,,,,
1910,3.9,71.1,26.1,3.9,126.8,9,,,,,,,,,,
1911,0.9,59.85,9.9,3,128,3.9,,,,,,,,,,
1912,5.1,36,22.05,3,110,8.1,,,,,,,,,,
1913,6,45.9,18,8.1,112,9,,,,,,,,,,
1914,2.1,63,23.85,3.9,131.2,6.9,,,,,,,,,,
1915,5.1,90,16.2,5.1,148,8.1,,,,,,,,,,
1916,3.9,50.85,9.9,6.9,118,8.1,,,,,,,,,,
1917,0,52.2,18,0,121.2,6,,,,,,,,,,
1918,6,54,0,5.1,126,3.9,,,,,,,,,,
1919,3,40.95,18,2.1,108,6.9,,,,,,,,,,
1920,3.9,50.85,30.15,8.1,116,9,,,,,,,,,,
1921,0.9,54,19.8,0,116.8,6,,,,,,,,,,
1922,3.9,40.05,30.15,5.1,104.8,12,,,,,,,,,,
1923,0,43.2,18,0.9,117.2,9,,,,,,,,,,
1924,3.9,63.9,0,5.1,132,0.9,,,,,,,,,,
1925,2.1,50.85,5.85,2.1,124,3.9,,,,,,,,,,
1926,3.9,45,34.2,6.9,110,11.1,,,,,,,,,,
1927,2.1,49.95,8.1,3.9,123.2,6,,,,,,,,,,
1928,3,45,4.05,3,114,6,,,,,,,,,,
1929,5.1,67.05,5.85,9,132,2.1,,,,,,,,,,
1930,6.9,46.8,22.05,3,116.8,8.1,,,,,,,,,,
1931,2.1,68.85,0,3,133.2,3.9,,,,,,,,,,
1932,3.9,31.95,0,5.1,108,2.1,,,,,,,,,,
1933,3,48.15,4.05,3.9,116.8,2.1,,,,,,,,,,
1934,5.1,50.85,27.9,5.1,120,9.9,,,,,,,,,,
1935,5.1,50.85,0,3.9,120.8,0,,,,,,,,,,
1936,3.9,66.15,22.05,2.1,130,9.9,,,,,,,,,,
1937,6,62.1,9.9,3.9,126.8,5.1,,,,,,,,,,
1938,0.9,31.05,5.85,0.9,105.2,2.1,,,,,,,,,,
1939,2.1,66.15,19.8,3,129.2,6.9,,,,,,,,,,
1940,6.9,54.9,4.05,9,121.2,0.9,,,,,,,,,,
1941,5.1,54.9,23.85,3.9,123.2,9.9,,,,,,,,,,
1942,0.9,37.8,31.95,3,107.2,12,,,,,,,,,,
1943,6,62.1,13.95,5.1,129.2,6,,,,,,,,,,
1944,3,57.15,5.85,0.9,126,3.9,,,,,,,,,,
1945,0.9,52.2,4.05,3,122.8,3,,,,,,,,,,
1946,3.9,50.85,0,5.1,126,2.1,,,,,,,,,,
1947,3.9,62.1,12.15,3,126,3.9,,,,,,,,,,
1948,5.1,62.1,23.85,5.1,123.2,6.9,,,,,,,,,,
1949,6.9,28.8,13.95,5.1,104.8,5.1,,,,,,,,,,
1950,2.1,36,5.85,2.1,108.8,3,,,,,,,,,,
1951,3,43.2,22.05,6.9,112,8.1,,,,,,,,,,
1952,3,61.2,16.2,2.1,125.2,6,,,,,,,,,,
1953,2.1,44.1,8.1,5.1,117.2,3,,,,,,,,,,
1954,2.1,61.2,4.05,3,123.2,2.1,,,,,,,,,,
1955,8.1,45.9,18,6,118,8.1,,,,,,,,,,
1956,0,35.1,18,0,105.2,8.1,,,,,,,,,,
1957,3,70.2,0,2.1,139.2,2.1,,,,,,,,,,
1958,3,53.1,9.9,3.9,119.2,3.9,,,,,,,,,,
1959,6,41.85,0,8.1,116,0,,,,,,,,,,
1960,2.1,49.05,5.85,0.9,115.2,3,,,,,,,,,,
1961,3,57.15,16.2,5.1,124,6,,,,,,,,,,
1962,3.9,36,23.85,3.9,104.8,8.1,,,,,,,,,,
1963,6,54.9,13.95,8.1,123.2,6.9,,,,,,,,,,
1964,2.1,59.85,8.1,3.9,132,5.1,,,,,,,,,,
1965,3.9,36.9,22.05,6,113.2,9.9,,,,,,,,,,
1966,0.9,59.85,27.9,0.9,122,9.9,,,,,,,,,,
1967,0.9,68.85,18,3,128,6,,,,,,,,,,
1968,3.9,67.95,9.9,6.9,131.2,6,,,,,,,,,,
1969,3,48.15,0,3.9,114,0,,,,,,,,,,
1970,3,57.15,19.8,2.1,126.8,8.1,,,,,,,,,,
1971,5.1,54,5.85,3,120,6.9,,,,,,,,,,
1972,6.9,50.85,0,5.1,118,2.1,,,,,,,,,,
1973,3.9,27.9,0,6,104.8,0.9,,,,,,,,,,
1974,5.1,46.8,9.9,6,117.2,9,,,,,,,,,,
1975,0.9,54.9,8.1,3,122.8,5.1,,,,,,,,,,
1976,3,31.05,19.8,5.1,101.2,8.1,,,,,,,,,,
1977,2.1,45,30.15,0.9,109.2,11.1,,,,,,,,,,
1978,3,63,22.05,3.9,130.8,9,,,,,,,,,,
1979,5.1,53.1,12.15,3,120.8,5.1,,,,,,,,,,
1980,3,39.15,1.8,3,114,3.9,,,,,,,,,,
1981,3.9,73.8,12.15,3,134.8,6,,,,,,,,,,
1982,2.1,45,18,5.1,108.8,6,,,,,,,,,,
1983,3.9,54.9,0,2.1,119.2,0,,,,,,,,,,
1984,5.1,54,19.8,6.9,121.2,9,,,,,,,,,,
1985,3.9,45.9,0,6,117.2,3,,,,,,,,,,
1986,8.1,45,9.9,6,118,3.9,,,,,,,,,,
1987,3,72,0,2.1,136.8,3,,,,,,,,,,
1988,6.9,45,4.05,6,116,0.9,,,,,,,,,,
1989,0.9,61.2,12.15,2.1,130,5.1,,,,,,,,,,
1990,0.9,49.95,1.8,2.1,120.8,3,,,,,,,,,,
1991,0.9,32.85,22.05,2.1,105.2,6.9,,,,,,,,,,
1992,3.9,58.05,13.95,3,127.2,6.9,,,,,,,,,,
1993,6,71.1,1.8,3.9,142.8,5.1,,,,,,,,,,
1994,3.9,54,5.85,3,126.8,6,,,,,,,,,,
1995,0.9,64.8,16.2,0.9,132,8.1,,,,,,,,,,
1996,5.1,57.15,16.2,3,128.8,9,,,,,,,,,,
1997,6.9,34.2,34.2,5.1,107.2,11.1,,,,,,,,,,
1998,0.9,36.9,26.1,3,110.8,11.1,,,,,,,,,,
1999,3,50.85,1.8,5.1,128,3.9,,,,,,,,,,
2000,0.9,27,18,2.1,105.2,8.1,,,,,,,,,,